hyp_id,work_id,sentence,stance,stance_verified,verify_confidence,entailment,content_hash
H1,W630798380,"The absence of the mitogenetic effect may be due to any of the known causes, or to some unknown influences.",refute,refute,low,topical_only,53a63a871902205fca93f81c6442407ec7173103
H3,W1992591391,"However, even these initial experiments strongly suggest that delayed light emission by green plants is a reflection of certain early reactions in photosynthesis which, by virtue of their reversibility, are capable of releasing a portion of their stored chemical energy through a chemi- luminescent mechanism.",support,discuss,low,,8cd954b3b925d42a02e4aacc771bdd8bae9ac128
H11,W2332125342,"The spectrum distribution showed that the chemiluminescence had emission peaks at wavelengths between 500 and 650nm corresponding to the simultaneous transition of singlet molecular oxygen (1O2), 2[1ƒ¢9]•¨2[3‡”g-].",support,support,low,partial,33535452abe2e7c32b53649a0e1757df14d89cea
H11,W2332125342,The generation of 1O2 as the major light-emitting species was confirmed from the filter spectrum distribution of chemiluminescence (Fig. 1).,support,support,low,partial,00ce7e1fd3ba798c311446ce9d4da782397efe36
H1,W330427091,"However, that was not the end of the story by any means, In recent years the existence of ultra-weak radiation from living organisms was confirmed numerous times by physical methods and interest is being renewed in this phenomenon (see for example Popp et a/., 1992 and Beloussov et a/., 1997), For Gurwitsch the main task for the rest of his incredibly productive and energetic life was the study of mitogenic rays and their pertinence to medicine.",support,support,low,partial,0e63d5f3552f0bea6befff6f6fc06c3b403594f5
H1,W330427091,"He called these structures ""non-equilibrium molecular con- stellations"" (NEMC) and interpreted the data from some of his laboratory experiments on mitogenic radiation (so-called degradational radiation, detectable immediately aHer reversible tissue damage) as evidence forthe existence of NEMC.",support,discuss,low,,d171afd1b72d068931666863b42242ea3765c4d0
H10,W2146827468,"(This experiment also rules out the potential for thermal gradients to somehow mediate microsphere exclusion, for the continual high-speed infusion of room-temperature solution should have reduced or eliminated any local gradients.) Yet another possible explanation is that the exclusion zone arises out of some quirk of the particular gel that was used.",refute,discuss,low,,fa388c91dc9fc13341dd6999570824ded8ed75fc
H3,W2151154903,"Unpaired t-test showed that sig- nificant differences (p < 0.05) in the intensity of delayed luminescence were kept until the elapsed time, 0.1 sec.",support,support,high,partial,94379d3afb4ba4485c5af19eda076ad913fd7735
H3,W2151154903,"Time Course of Delayed Luminescence from Liver between the CCl4-Treated and Control Mouse after the 0.01-sec Illumination (A) 24-hr treated (dashed line) and control (solid line) group, the asterisk means the region where significant differences (p < 0.05) were shown by unpaired t-test (n = 6 for each group); (B) 72-hr treated (dashed line) and control (solid line) group. 159 No. 2 of liver tissues showed that the intensities of delayed luminescence were also discriminated depending on the degree of toxicities.",support,support,high,partial,391c4ffd830114e59db7a8230c53b83246a3bc04
H3,W29377914,"Instead the increased tet- rahedrality on decreasing the temperature could give rise to a more ordered water structure Exploring the behaviour of water in glycerol solutions by using delayed luminescence PLOS ONE | https://doi.org/10.1371/journal.pone.0191861 January 29, 2018 11 / 16 that could take into account for the increase in the DL total emission Ncounts on cooling, as reported in Fig 3, confirming once again the correlation between the DL and the order of the emitting structure, as showed in a previous research [45].",support,not_about_claim,high,,436e65793767602d94826d33f2054bdf27f5e200
H7,W2032105712,Demonstration of light guidance by individual Mu¨ ller cells measured in a modiﬁed dual-beam laser trap.,support,support,low,partial,36f68f6f704cfd1531eb3295de3ce9699be544f4
H9,W1991415018,"Al- though the degree of enhancement of elicitor-responsive photon emissions induced by each plant activator differed, a priming effect was observed for every combination of elicitor and plant activator except for copper chloride.",support,support,high,partial,70a0a282699057ea96c967f7f916597a235feef7
H10,W2168668044,Functional brain imaging in relation to behavior reveals the formation of coherent domains of synchronized neuronal oscillatory activity and phase transitions predicted by the dissipative model.,support,not_about_claim,high,,f3665415145b8241d9a508491256b1d0b6fb32fd
H10,W1647927386,"Taking advantage of the wavelike properties of water coherent domains due to their low effective mass, we showed that simple quantum models of the cell may explain qualitatively as a minimum some cellular characteristics or even give numerical results in satisfactory 23 Collective models of water in living cells and bulk liquid agreement to biological data.",support,support,low,topical_only,e82f20a3bdb6f2ee91d866cd35d9101f993a8cff
H6,W2025203866,Kobayashi et al. demonstrated that spatiotemporal biophoton emission in the rat brain is corre- lated with cerebral energy metabolism and oxidative stress.84 Biophoton emission intensity in the exposed rat brain was associated with cerebral blood ﬂow and ROS production in vivo.,support,support,high,partial,5870a156d0d5c39275efe60bb6911f3dc7320fe8
H1,W2025203866,Gurwitsch ﬁrst described what he termed as ‘‘mitogenic radiation’’.94 Gurwitsch reported ex- perimental evidence that demonstrated that dividing yeast cells (Saccharomyces cerevisiae) emit UV light and can induce mitosis in a chemically separated population of S. cerevisiae cells.,support,support,high,partial,d0852ec2ded363b89757def7a3c95ce55ffc0f31
H6,W2088894068,Functional free radicals and regulated ultraweak photon generation in cells and neurons Recent findings have provided evidence that ROS (reactive oxygen species) and RNS (reactive nitrogen species) as well as their derivatives act as essential regulated signals in biological systems.,support,not_about_claim,low,,7bd399f19b18c6c77c695a3cb62e4190b0f0203d
H6,W2950724616,"Moreover, it was demonstrated that biophotons (ultraweak bioluminescent photons) can conduct along the neural fibers [44].",support,support,high,partial,ff9d54e876c7f27c675f4e2c51189c04c7985f07
H6,W2950724616,"Since biophotons originate from free radical biochemical reactions, it also indicates that the externally measured biophoton emission - sec 100 2   cm biophoton - from the cortex surface is not able to provide evidence for the real biophoton emission inside neuronal cells.",support,refute,low,partial,ae4027a2bd74a164355dabad644e018eb23a5f87
H6,W2950724616,"Dai, Biophotons as neural communication signals demonstrated by in situ biophoton autography, Photochem.",support,discuss,high,,91ed591cf7999abdc80a4eec6e76aa54cd37b614
H6,W2145691747,"F Lavallee (2010), Theoretical and Experimental Evidence of Macroscopic Entanglement between Human Brain Activity and Photon Emissions: Implications for Quantum Consciousness and Future Applications.",support,discuss,high,,b0bbb9c45f90827068a39dc554ffd09b4537d30d
H6,W2056591841,"PAPER www.rsc.org/pps | Photochemical & Photobiological Sciences Biophotons as neural communication signals demonstrated by in situ biophoton autography Yan Sun, Chao Wang and Jiapei Dai* Received 7th October 2009, Accepted 8th December 2009 First published as an Advance Article on the web 21st January 2010 DOI: 10.1039/b9pp00125e Cell to cell communication by biophotons has been demonstrated in plants, bacteria, animal neutrophil granulocytes and kidney cells.",support,support,low,topical_only,2200b65b9e5c43c26f0e5684b2e71cb9303d95fb
H5,W2056591841,"Using this new method, we successfully detected biophotonic signals (dark Ag granules) in different biological materials, including germinating green bean seeds (Fig. 2A), and the brain slices (Fig. 2B, Fig. 3A–D), sciatic nerve and spinal nerve roots of rats (Fig. 2C–E), since it has been demonstrated that such biological materials can emit biophotons2,3,6,25 that can be detected by an EM-CCD camera in this study (Fig. 2F, G and I).",support,not_about_claim,low,,38ce5011a9bac1467c2f9e799bdb99abe0cb471d
H6,W2056591841,"Using this new method, we successfully detected biophotonic signals (dark Ag granules) in different biological materials, including germinating green bean seeds (Fig. 2A), and the brain slices (Fig. 2B, Fig. 3A–D), sciatic nerve and spinal nerve roots of rats (Fig. 2C–E), since it has been demonstrated that such biological materials can emit biophotons2,3,6,25 that can be detected by an EM-CCD camera in this study (Fig. 2F, G and I).",support,support,low,partial,6c7e4fe610420d77805cd4918572ebdd9f676d78
H9,W2056591841,"Using this new method, we successfully detected biophotonic signals (dark Ag granules) in different biological materials, including germinating green bean seeds (Fig. 2A), and the brain slices (Fig. 2B, Fig. 3A–D), sciatic nerve and spinal nerve roots of rats (Fig. 2C–E), since it has been demonstrated that such biological materials can emit biophotons2,3,6,25 that can be detected by an EM-CCD camera in this study (Fig. 2F, G and I).",support,discuss,low,,12012e2f775436608d8b00be46c13d5afc516cac
H6,W2056591841,"It has been demonstrated that mitochondria are functionally connected and form a dynamic network within neurons.30 Mi- tochondria frequently fuse and divide, and their morphology and intracellular distribution changes according to the functional demands of cells.31 Mitochondrial networks can be electrically coupled, and can coordinate and synchronize each other.30,32 Moreover, according to Thar and K¨uhl,33 ultra-weak biophotons can be guided along a mitochondrial network and microtubules; speciﬁcally, ﬁlamentous mitochondria and microtubules may act as optical waveguides in neurons.",support,discuss,high,,e58a6ee34721c38544c46339b2114c692f121f6c
H7,W2056591841,"It has been demonstrated that mitochondria are functionally connected and form a dynamic network within neurons.30 Mi- tochondria frequently fuse and divide, and their morphology and intracellular distribution changes according to the functional demands of cells.31 Mitochondrial networks can be electrically coupled, and can coordinate and synchronize each other.30,32 Moreover, according to Thar and K¨uhl,33 ultra-weak biophotons can be guided along a mitochondrial network and microtubules; speciﬁcally, ﬁlamentous mitochondria and microtubules may act as optical waveguides in neurons.",support,discuss,low,,76896d411ead08680e23c1a0dfb5f871c847c001
H6,W2056591841,Experimental data has demonstrated neural activity-dependent biophotonic activity in the brain.,support,support,high,partial,df154b84a6321b2a096ee875f12bc60a31df69e8
H10,W2039382104,"Pollack [13, 14] showed that there is a thick layer of “special water” (EZ water) at the interface with the walls of a vessel.",support,support,high,partial,9816ef22ef75120e031dc76c8a1cd620f2f811c9
H5,W1982800591,"It is important to note that the recent progress in the ﬁeld of classical optical communication has shown that it should be possible to correct the eﬀects of turbulence in real time with adap- tive optics and a reference beam [289, 290, 291].",support,not_about_claim,high,,c20bde0511df293e52cbf1be7ff102c01b121d0b
H7,W1997412757,"Thus, to prove the physiological relevance of Mu¨ller cell-provided light guidance, it must be shown that Mu¨ller cells act as light-guiding elements in the intact retina.",support,discuss,high,,8048c4479f68d3287b6c34755e4d3467a604a0ce
H7,W1997412757,Together this provides clear evidence for the light guiding capability of Mu¨ller cells not only as isolated elements (5) but also within the intact retina.,support,support,low,partial,0c37f04ef0f878fc9c933a2271464cd1e56db962
H3,W2004839961,"Various papers demonstrated that the delayed luminescence is a sensitive indicator of the physiological state of cells that is closely connected to the differentiation stage of the biological system [14,64,65,66,67,68].",support,support,high,partial,43542f9c19d12bd68416968eceff7dec28272e30
H6,W2045332801,Redox regulated biophotons A great number of experiments have provided strong evidence that ROS (reactive oxygen species) and RNS (reactive nitrogen species) as well as their derivatives act as regulated secondary messengers in diverse cells and neurons during intracellular signaling and intercellular communication processes9.,support,not_about_claim,low,,c3af2b09b0708e4b296395eacdae986fa35de93d
H8,W2097429982,"In a study by Yang et al., the biophotons from the palm and back of the hand of healthy people and stroke patients were observed and measured for a year (12).",support,discuss,high,,98f6728ff7764bc920d300879a07c076744871d2
H2,W2164842918,Biophoton emission- New evidence for coherence and DNA as source.,support,discuss,low,,1edbe8c5bef7946a24d6319605b9971efe2b6dd9
H3,W1992112942,"In this com- ment, we point out that the hyperbolic decay of de- layed luminescence cannot be described by the Popp Email address: vahid.salari@impmc.upmc.fr (Vahid Salari). and Yan model, and that the function they obtain to describe the oscillations of delayed luminescence is not consistent with their coupling equations. 2.",support,not_about_claim,low,,c35785a7f7e14254ec626adc945d72b015a53782
H9,W2005972005,Previous experiments revealed that intensity and dynamics of UPE from germinating wheat seedlings are altered by intoxication with potassium dichromate (PD) (K2Cr2O7) of different concentrations.,support,support,high,partial,a48e374a18a64f96148258015c567c07b06d3c5e
H10,W2154517613,"Electrical potential mea- surements showed positive potentials within the exclusion zones, while pH measurements revealed an abundance of OH- groups in the aqueous regions beyond the exclusion zones.",support,support,high,partial,5ce58264ac4c60c6b56889f4903cbcb1dbdf1acb
H10,W2154517613,These studies have revealed large solute-exclusion zones (EZs) extending up to several hundred micrometers from the surface [8−12].,support,support,high,partial,958f72fe460da2c77e9a349ad37fb88ed3a7b844
H10,W2154517613,"Carboxylate, amino and polystyrene microspheres failed to reveal an exclusion zone in any of those metals.",refute,refute,low,partial,96705d3b0e041e6c2b44b73e1162abd90a573a82
H10,W2154517613,"In cases in which poc- ket exclusion zones developed, oxidation strips were observed.",support,support,low,partial,5395c3196071bda742f766db2b8c312d8861bbbb
H10,W2154517613,DISCUSSION Exclusion Zone Next to Metals Previous results from this laboratory have confirmed the presence of extensive interfacial exclusion zones in water adjacent to various hydrophilic surfaces [9−16].,support,support,high,partial,14d71379b84a0e622ebbd98cadbf15019eab7144
H7,W2005713298,Quantum optical circuits of that herald the generation of up to four pho- ton entangled states for quantum metrology have been demonstrated with lithographic waveguides [15].,support,not_about_claim,high,,f3dbd0e46a0a8debd5760566f22480756235dfb2
H6,W1995317175,(2010) Theoretical and experimental evidence of macroscopic entanglement be- tween human brain activity and photon emissions: Impli- Copyright © 2012 SciRes.,support,discuss,high,,01ebba455e76abfe385e18bd6fbdad1f3f98e322
H9,W1579681456,"The experiments evidence that such long-distance signaling regulates eﬀectively the plant growth, preventing 2 Figure 1: Example of biophoton time spectra for development stage 16, full time scale 400 sec from the large ﬂuctuations of its global form, i.e. deﬁnes their morphogenesis [2, 3].",support,not_about_claim,low,,582e644a5f253096ebfb8d8a99e921026ac1fa70
H2,W1579681456,Some experiments evidence that such biophoton coherence really takes place [12]; in this experimental set-up the transparent quartz plate was installed between the inductor and detector bio-systems.,support,support,high,partial,1cf1102d40fabf3a8f51f67980753c1e2dd168b8
H7,W1770416153,"Indeed, the demonstration of both the Lamb shift in a superconduct- ing artiﬁcial atom (Fragner et al., 2008), and the dy- namical Casimir eﬀect in a superconducting waveguide (L¨ahteenm¨aki et al., 2011; Wilson et al., 2011), have al- ready been achieved.",support,not_about_claim,high,,fd6d0a122c2fb6a28ccfa6bb6250ef6de73b2726
H6,W2069757594,Theoretical and experimental evidence of macroscopic entangle- ment between human brain activity and photon emissions: implica- tions for quantum consciousness and future applications.,support,discuss,high,,1cac5054f3480a317ca57b9f600b510197c69ae7
H6,W2155689278,"F Lavallee (2010), Theoretical and Experimental Evidence of Macroscopic Entanglement between Human Brain Activity and Photon Emissions: Implications for Quantum Consciousness and Future Applications.",support,discuss,high,,cb0ea9f86ddce4284aeaaa4c7a1514a42959a2c2
H8,W2062177539,"In the present study, 2-D ultraweak photon emission was employed as a non- invasive tool to monitor the visible-light- and UVA-radiation- induced oxidative stress of the hand through photosensitization reactions (Figs. 2, 4, and 5). 4.1 Visible-Light-Induced Oxidative Stress on the Dorsal Side of the Hand The observation that photon emission from the visible-light- irradiated dorsal side of the hand is higher than from the unexposed dorsal side of the hand reveals that the visible light caused oxidative stress in the human skin [Figs. 2(b), 2(c), 3(a), and 4(a)].",support,support,high,partial,5f620bd20892c672ef83d79973e7183098cac997
H7,W1554004626,"Depending on the propagation constant ߚ, modes of narrow dielectric strip waveguide are also classified into the bounded, radiation and evanescent modes (Adams, 1981; Snyder, 1983). 2.5 Fiber Bragg gratings The modes of optical fibers and waveguides are propagated without coupling to each other in the absence of any perturbation.",refute,not_about_claim,high,,ade642c0e5a4210529168792a32b082853f9391d
H7,W1554004626,"On the basis of optical fiber and optical waveguide interferometers in combination with ultrahigh nonlinear optical elements (UHNO), such as semiconductor optical amplifiers (SOA), different high frequency optical classical logic gates are designed and demonstrated.",support,not_about_claim,high,,a3a4ee4f1e246dbd9eba55055884f28f1050d489
H6,W326765819,"Biophotons as neural communication signals demonstrated by in situ biophoton autography, Photochemical and Photobiological Sciences, 9, 315–322.",support,discuss,high,,321a513954203615c2314bbb3631974b68bcd358
H3,W2092497325,"Moreover, T. thermophilus complex I also does not appear3 to possess the second well-documented pier- icidin-binding site of the mammalian complex I.8 The large body of evidences supporting the concept of two FMN and NAD(P)H sites in mammalian complex I has been thoroughly and compellingly addressed.6–8 Here we performed a detailed analysis of the properties of ultraweak photon-induced delayed photon emission [delayed luminescence (DL)] of Jurkat cells by employing treatments with ROT, as well as with MD and QC.",support,discuss,low,,20647b46bf4fd64e976e8f68fd3b02b4602eb219
H3,W1124127210,"In addition, recently we (Wang, Bókkon, Dai & Antal, 2011) presented the first experimental evidence of the existence of spontaneous and visible light induced (also called as delayed luminescence) ultraweak biophoton emission from in vitro freshly isolated rat’s whole eye, lens, vitreous humor and retina.",support,not_about_claim,low,,a1b73346e4c355ec9f9797d673f15449652791d1
H6,W2065332094,(2010) revealed that biophotons can conduct along the neural ﬁbers which supports our biophysical picture hypoth- esis.,support,support,high,partial,529a73b7c86533a2ff043b308b81ec14676bfe03
H6,W2065332094,"In contrasts, it is plausible that externally measured ultraweak biophoton emission from cells and neurons is princi- pally produced from natural oxidation processes on the surfaces of cellular membranes as demonstrated by Blake et al.",support,refute,low,partial,cc5c76f78d365e1775f4dc5fa48ac571b65cca86
H6,W2146793083,Theoretical and experimental evidence of macroscopic entanglement between Human Brain Activity and Photon Emissions: Implications for Quantum Consciousness and Future Applications.,support,discuss,high,,6de6e3c28ee17746b634064d461d1e0e74b71faa
H9,W1606652954,Intense biophoton emission was observed from the leaves of tobacco plants Biophoton Emissions in Sulfonylurea-Herbicide-Resistant Weeds http://dx.doi.org/10.5772/55846 221 treated with paraquat (Figure. 1) [32].,support,support,high,partial,440a3a374239bf901c2a27dd83b42b26ebda4778
H9,W1606652954,"In the resistant biotype, a relatively higher increment in biophoton emission was observed in both the culms and roots, while the increment was Herbicides - Advances in Research 226 lower in the susceptible biotypes.",support,support,high,partial,e2b3b912f143aa7809fe5e7cdd7ab0f89bd4e34b
H9,W1606652954,"It seems that the distinct differences in biophoton emissions among rice, barnyardgrass, and other weed species are consistent with their selectivity against SU herbicides. 6.",support,support,high,partial,3a9c07100200f2e69ba138e2f8d1514bf9be2008
H9,W1606652954,The involvement of P450s in biophoton emission from SU herbicide-treated plants was also confirmed in another experiment employing P450 gene-silenced cultured rice cells.,support,discuss,low,,8233c0f809ddff595f67f6473cef5e7617f07251
H6,W2014142058,"Brain Res 1304:129–137 Dotta BL, Buckner CA, Cameron D, Lafrenie RM, Persinger MA (2011) Biophoton emissions from cell cultures: biochemical evidence for the plasma membrane as the primary source.",support,not_about_claim,low,,dfd18c418b701ad82054587f0d3a20fa19c8055e
H6,W2014142058,"Ultrasonics Jan: 30–35 Sun Y, Wang C, Dai J (2010) Biophotons as neural communication signals demonstrated by in situ bio- photon autography.",support,discuss,high,,866b6632ac6880363a68b205e15a79d90eae0764
H6,W2111181636,"With 10-20 J associated with each action potential, the photon emission associated with ""visual imagery"" would involve 10 to 100 million neurons each firing at about 10 Hz, values that are consistent with direct inferences from functional J/s [22, 23].",support,support,low,topical_only,3b431edab9bb48aff37fb88a0e9fa4060b7829fc
H6,W2111181636,"With 10-20 J associated with each action potential, the photon emission associated with ""visual imagery"" would involve 10 to 100 million neurons each firing at about 10 Hz, values that are consistent with direct inferences from functional J/s [ 22, 23].",support,support,low,topical_only,fba1e392060d406401be637215c372df0cb97d9f
H6,W2111181636,"With 10-20 J associated with each action potential, the photon emission associated with ""visual imagery"" would involve 10 to 100 million neurons each firing at about 10 Hz, values that are consistent with direct inferences from functional J/ s [22 , 23].",support,support,low,topical_only,987f412f3e5c3f0abc69751f3ac39e27646f3eb9
H6,W2111181636,"With 10-20 J associated with each action potential, the photon emission associated with ""visual imagery"" would involve 10 to 100 million neurons each firing at about 10 Hz, values that are consistent with direct inferences from functional J/ s [22, 23].",support,support,low,topical_only,c4decb2871683ce7b5a62fcb4dde990e54a1a825
H6,W2111181636,"With 10-2 0 J ass ociated wit h ea ch action potential, the photon emission associated with ""visual imagery"" would involve 10 to 100 million neurons each firing at about 10 Hz, values that are consistent with direct inferences from functional J/s [22, 23].",support,support,low,topical_only,142178700e090959ee667740b3202637c1cac461
H6,W2111181636,"With 1 0-20 J associ ated with each action p ote nti al, the photon emission associated with ""visual imagery"" would involve 10 to 100 million neurons each firing at about 10 Hz, values that are consistent with direct inferences from functional J/s [22, 23].",support,support,low,topical_only,0baa7bc96115bfbeb8cfcfd4322ec3dcc55b04c4
H6,W2111181636,"With 10-20 J associated with each action potential, the photon emission associated with ""visual imagery"" would involve 10 to 100 million neurons each firing at about 10 Hz, values that are consistent with direct inferences from functional J/s [22 , 2 3].",support,support,low,topical_only,1b73c643a3ed921265b9766fd4c2a1d5dc80b704
H6,W2160137527,Theoretical and experimental evidence of macroscopic entanglement between human brain activity and photon emissions; implications for quantum consciousness and future applications.,support,discuss,high,,c4e6c72ba45ba1fe7dc02bd85b1834c7a13abd19
H6,W2166108581,"Dai, “Biophotons as neural communi- cation signals demonstrated by in situ biophoton autography,” Photochemical and Photobiological Sciences, vol. 9, no. 3, pp. 315– 322, 2010. [11] H.",support,discuss,high,,ec78b666681515f40013cf9e9265e408247d1691
H9,W2039224325,"The study provides evidence for the use of two-dimen- sional imaging of spontaneous ultra-weak photon emission as an excellent non-invasive method for physiological and pathological state in microbiological, plant and medical research.",support,support,high,partial,15db70fbf098bd5650a6ec2ba6115ea3d8d0fc49
H2,W2030876425,The measurement of the conditional probabil- ity of not detecting subsequent photon in a small interval after the detection of a photon provided information on coherence in biophoton signals [5].,refute,discuss,high,,a0156245bcfabb37e70808a954fe2e4ff7700403
H6,W2134613477,Keywords- Quantitative EEG; Alpha/Beta Ratios; Meditation; Inner Light; Photon Emission; Geomagnetic Activity; Resonance I INTRODUCTION One of the most significant insights and experimental verifications in recent human civilization occurred during the latter portion of the nineteenth century when the energy associated with mechanical devices and biological systems was demonstrated to be effectively the same phenomenon.,support,not_about_claim,low,,45405851cad0aaff30c4e245a383c83814625793
H12,W2134613477,Keywords- Quantitative EEG; Alpha/Beta Ratios; Meditation; Inner Light; Photon Emission; Geomagnetic Activity; Resonance I INTRODUCTION One of the most significant insights and experimental verifications in recent human civilization occurred during the latter portion of the nineteenth century when the energy associated with mechanical devices and biological systems was demonstrated to be effectively the same phenomenon.,support,not_about_claim,high,,113db85b33b9194bf9d3f48089696594cc5d5dd3
H6,W2134613477,"III RESULTS The results of the fine, quantitative measurements supported the hypothesis that brain activity and photon emissions from the brain are systematically correlated.",support,support,high,partial,9782b733696a04c3b611c2f1b7b480b2cba1880c
H7,W2042152864,"CONCLUSIONS In conclusion, we have demonstrated that arrays of op- tical waveguides with specially modulated coupling can directly model the photon number evolution in the pro- cess of quantum two-mode squeezing, in the general case of coordinate-dependant phase mismatch and nonlinear- ity coeﬃcients.",support,not_about_claim,high,,821845f3774702bedeb5ecce3f0b68fcb415b700
H7,W2139901398,"An examination of the surface layer (c,d) reveals what appears to be a mix of fcc and hcp packing in places; (e) shows an AFM analysis of the >11 cm wires used in this work with similar hcp packing to that of previous work [3]. 2.2 Diffusion measured by optical transmission 1 m 200 nm (b) (c) (d) (e) 50 nm (a) Nanomaterials 2014, 4 6 The self-assembled wires are of sufficient dimension and high index contrast with the surrounding air-cladding to act as highly multimode slab (rectangular) waveguides.",support,not_about_claim,high,,06122af9751689e6b2c76133796c4159ea8b5255
H10,W2139901398,"Further evidence of charge separation is the observation of enhanced proton conductivity in mesoporous silica48-50, which has also been exploited in micron sized channels to demonstrate electrokinetic batteries51 and determine channel potentials52, procedures that can be used to tune the exclusion zone and therefore potentially affect diffusion rates.",support,discuss,low,,50adbeaab1f3ed2fc92675d1a98188557b90003b
H6,W2139746185,"There is some experimental evidence for this given the apparent empirical relationships observed between conscious processes, such as intentionality and cognition, and associated activity of cerebral biophoton emission (e.g., Dotta & Persinger, 2011).",support,support,high,partial,fba094a701b6b328b49d5ff35c00afcf2be2dfc9
H12,W2139746185,"There is some experimental evidence for this given the apparent empirical relationships observed between conscious processes, such as intentionality and cognition, and associated activity of cerebral biophoton emission (e.g., Dotta & Persinger, 2011).",support,support,high,partial,24eb53e750156ff8ef23efcf1f61274170c330b4
H6,W2139746185,Theoretical and experimental evidence of macroscopic entanglement between human brain activity and photon emissions: Implications for quantum consciousness and future applications.,support,discuss,high,,23bde5a5993e295647ea810ccdf5816da76ead33
H6,W2139746185,Biophotons as neural communication signals demonstrated in situ biophoton autography.,support,discuss,high,,b5a30f01e8e7b44d14328d7312dd486841d11aa5
H6,W2139746185,"Furthering Bokkon’s hypotheses, studies have revealed properties of photon entanglement (e.g., Persinger & Lavallee, 2010) and the potential transfer of non-local information (Dotta & Persinger, 2009) in the context of human brain activity and cerebral biophotons.",support,support,low,topical_only,7eb87daa5e078f59ba0a2b5eca81d7640fda3bef
H6,W2139746185,"If this explanation is accurate, then future experiments that compare photon emissions from the brains of participants through filters for this wavelength should demonstrate the greatest proportion of the effect compared to adjacent wavelengths.",support,discuss,high,,e646f2afa99049da6087c160c4713fcc7baac78d
H6,W2139746185,"We (Dotta et al, 2012) had previously demonstrated that “imagining” (a type of intention) compared to mundane (passive or non-intention) thinking was associated with conspicuous and reversible photon emission from the right hemisphere that was strongly correlated with left prefrontal brain activity.",support,support,high,partial,85b221f71b2150914f231341947cfcea12f3cb46
H12,W2139746185,"We (Dotta et al, 2012) had previously demonstrated that “imagining” (a type of intention) compared to mundane (passive or non-intention) thinking was associated with conspicuous and reversible photon emission from the right hemisphere that was strongly correlated with left prefrontal brain activity.",support,support,high,entails_support,b99decaabd0c50403ad6f1c8b3db1f7e8820e746
H6,W1995897652,(2010): Biophotons as neural communica- tion signals demonstrated by in situ biophoton autography.,support,discuss,high,,b6b4598e98ec82a5cb12d09cc18abdaf98f92d1c
H6,W2139060182,Exciting studies by Kobayashi [1999a; 1999b] and Isojima [1995] have demonstrated reliable biophoton emission from a rat’s brain in vivo.,support,support,high,partial,f8900b93f03a7d2f16377bc982f9f96226630914
H6,W2139060182,This research showed that the amount of UPE from a rat’s brain was proportional to the amount of theta stimulation (4-7 Hz).,support,support,high,partial,83664917f3df44b33440aff63e10d67dde5ef7ae
H6,W2139060182,In summary these experiments have shown that not only can mammalian brain cells produce UPE these same brain cells can be affected by light irradiation.,support,support,high,partial,f56b35f4520f442fedf695b760a1f4a9ddde0fda
H6,W2139060182,Dai’s group has qualitatively demonstrated that neural communication can occur through biophotons within the nervous system [2010].,support,support,high,partial,60e28274606efbddfa7245d2cdc85fe93799aac3
H6,W2139060182,(2010) Biophotons as neural communication signals demonstrated in situ biophoton autography.,support,discuss,high,,2e43e2a97d3f85dc3d4b051b9e08adaad19a7314
H6,W2139060182,Biophotons have recently been demonstrated by in situ biophoton autography to behave as neural communication signals [Sun et al. 2010].,support,support,high,partial,6197b7a9715339873b4c095a2d0eec53a993d9d6
H6,W2139060182,"Experientia 44; 543-630 Sun Y, Wang C, Dai J (2010) Biophotons as neural communication signals demonstrated by in situ biophoton autography.",support,discuss,high,,2803506b779436e0f0017469ca29309a714b7d96
H6,W2139060182,(2010) Biophotons as neural communication signals demonstrated by in situ biophoton autography.,support,discuss,high,,a85ae3298d309f584edfd6e83e0c1c931f835965
H6,W2139060182,"Neuropharm. 5, 278-288. 111 Chapter 4: “Doubling” of Local Photon Emissions When two Simultaneous, Spatially Separated, Chemiluminescent Reactions Share the Same Magnetic Field Configurations Published in Journal of Biophysical Chemistry Abstract The aim of the present experiments was to discern if the “entanglement”-like photon emissions from pairs of cell cultures or human brains separated by significant distances but sharing the same circling magnetic field could be demonstrated with a classic chemiluminescent reaction produced by hydrogen peroxide and hypochlorite.",support,not_about_claim,low,,feef593219d6d24e8e9dc54e12ef23675761a8b4
H6,W2139060182,(2010) Theoretical and experimental evidence of macroscopic entanglement between human brain activity and photon emissions: implications for quantum consciousness and future applications.,support,discuss,high,,5fb9d80194211942a02cb9b21c9dff7c6c25add9
H1,W1579185068,"It was also demonstrated that mitogenetic radiation can not only stimulate, but also inhibit the cell growth.",support,support,high,partial,13de0a6f81df442d78d5f5f1297382ff751614fc
H1,W1583143288,"It was also demonstrated that mitogenetic radiation can not only stimulate, but also inhibit the cell growth.",support,support,high,partial,8668f9533fbf8b8b146458d583d7b0d04e8c6717
H3,W1583143288,Drossinakis on research of delayed luminescence from the human body It was shown that 1 cm2 of skin generally emits 85 photones for 1s.,support,not_about_claim,high,,42531734a4ad0d2424694d790a587331f86499a0
H1,W1652772165,"It was also demonstrated that mitogenetic radiation can not only Advances in Physics Theories and Applications www.iiste.org ISSN 2224-719X (Paper) ISSN 2225-0638 (Online) Vol.30, 2014 21 stimulate, but also inhibit the cell growth.",support,support,high,partial,83822f50bc72c2248fe10263c9356f2903a63d48
H3,W1652772165,Drossinakis on research of delayed luminescence from the human body It was shown that 1 cm2 of skin generally emits 85 photones for 1s.,support,not_about_claim,high,,d9b57a45b07cba9f2850a632768df6208d2742a4
H4,W2109151393,"Conversely, L-arginine did not seem to elicit UPE when added to non-diabetic serum under similar conditions. *** Data revealed the interaction between methylglyoxal glycation and L-arginine generated harmful O-2 as a by-product and subsequently could exacerbate the oxidative stress status of diabetic patients.",support,support,low,partial,bf61648baa678bfd6dedab56024282b31d3677a3
H8,W2109151393,"TM practitioners demonstrated lower emissions than OMT practitioners in 11 of 12 anatomical locations, indicating systematic group differences; p = 0.0032. * Current data using noninvasive photon emission recordings suggest that, in addition to intensity and wavelength, the UPE of subjects may eventually be used to understand and delineate the state of mind-body integration (i.e. health) and the role of meditation programs in chronic disease.",support,support,high,partial,cd2ca0abedc43a8dc42ec2a228f8642d9ea023a2
H12,W2109151393,"TM practitioners demonstrated lower emissions than OMT practitioners in 11 of 12 anatomical locations, indicating systematic group differences; p = 0.0032. * Current data using noninvasive photon emission recordings suggest that, in addition to intensity and wavelength, the UPE of subjects may eventually be used to understand and delineate the state of mind-body integration (i.e. health) and the role of meditation programs in chronic disease.",support,support,high,partial,aede5a6d175bb0557482e43eb7bd124d8a74652c
H7,W2034826604,"Here we show that Mu¨ller cells are wavelength-dependent wave-guides, concentrating the green-red part of the visible spectrum onto cones and allowing the blue-purple part to leak onto nearby rods.",support,support,low,partial,c8c56870896eacc64107276dd8ed51bf9e3451ba
H7,W2034826604,These ﬁndings are consistent with the hypothesis that the wave guiding properties of Mu¨ller cells are wavelength-dependent in a manner that improves cone-mediated vision while minimally impeding rod-mediated vision.,support,support,low,partial,b01f9d2cac50a1ef56c494857f651e7f76610e95
H7,W2034826604,"Our conclusion that retinal Mu¨ller cells, via their wavelength- dependent light guiding properties, improve photon absorption by cones, and only slightly reduce photon absorption by rods, is consistent with psychophysical tests in human observers, which are based upon rates of photon absorptions by different types of photoreceptors.",support,support,low,partial,53f3046a8dc176629eae1233b071b6b0f72aeb14
H7,W2103627535,"It may be relevant that, when adjusted by simple topological transformations, the physical structure of the relatively conductive skull, the intervening space of air and diminished tissue density (meninges) and the very conductive cerebral cortices, reveals similar properties to the earth-ionosphere wave guide through which the Schumann resonances are propagated.",support,not_about_claim,high,,09aca4c1df5a5b79f3263a8eff3dce7a4df94074
H7,W1595592759,"There is indeed evidence for the quantum antenna hypothesis: some monocellulars are known to possess primitive microtubular vision, bio-photons of Popp could could be generated by massless extremals and the observations of Callahan support the view that odor perception of insects relies on maserlike emissions by the odour molecules.",support,support,low,topical_only,1a0c352586e7cee1a3d9fc1a53a1e4cbc4650e07
H1,W1595592759,"The phenomenon was condemned by skeptics as a pseudo science and only the modern detection technologies demonstrated its existence [54], and mitogenetic radiation became also known as bio- photons (the TGD based model for bio-photons is discussed in [K6]).",refute,support,low,partial,796038622f8c48f226887adf46e0b8117b0e360e
H6,W1977345460,"We show that the long-lasting application of glutamate to coronal brain slices produces a gradual and significant increase of biophotonic activities and achieves the maximal effect within approximately 90 min, which then lasts for a relatively long time (.200 min).",support,support,high,entails_support,02ea6c214c09bfd410388df27cb4837ad0c8dcc4
H2,W1977345460,"In addition, it has been believed that biophotons, being a coherent electromagnetic field inside the cells, may be the base of cell-to-cell communication PLOS ONE | www.plosone.org 1 January 2014 | Volume 9 | Issue 1 | e85643 [20], which has been demonstrated in plants, bacteria and certain animal cells [21,22].",support,discuss,low,,0bcea615c5885af25df02bdb1d7e10674ba5dd88
H6,W1977345460,"Sun Y, Wang C, Dai J (2010) Biophotons as neural communication signals demonstrated by in situ biophoton autography.",support,discuss,high,,31b180614c9df46a42a7873a3eeaadc936e2b050
H6,W4241290200,"Persinger MA., Lavallee CF (2010) Theoretical and experimental evidence of macroscopic entangle- ment between human brain activity and photon emissions: implications for quantum consciousness and future applications.",support,discuss,high,,568404fd573e6a334b771dd5b2151a7616e9e829
H6,W2168603666,Theoretical and experimental evidence of macroscopic entanglement between human brain activity and photon emissions: implications for quantum consciousness and future applications.,support,discuss,high,,b128fda2c78a99cd55eb8df1feea808b355b05b5
H11,W2004094183,"The experimental stu- dies so far performed have revealed some characterizing features of this biological emission [19]: • the spectral distribution ranges from 14 15 10 /10 Hz , namely covering the optical and the ultraviolet (UV) re- gion of electromagnetic spectrum; • the form of the spectrum is substantially flat, i.e. without emission peaks, and follows the rule ( ) I ω = con- stant, where I indicates the frequency density emission; • the probability of counting n biophotons during a given time interval t ∆ is given by Poisson distribution ( ) ( ) , exp !",support,refute,low,entails_refute,f4307409300f840d307ee145434812378d53d944
H2,W2141663490,"The conclusion of our review is twofold; while the phenomenon of UPE from biological systems can be considered experimen- tally well established, no reliable evidence for the coherence or nonclassicality of UPE was actually achieved up to now.",refute,refute,high,entails_refute,8f83fe8262e581f509b855336400c6eb259adfb0
H2,W2141663490,He observed only super-Poissonian statistics and did not ﬁnd conclusive evidence of a non-classical (quantum) behavior of light. 13 There are several other works which provided UPE photocount statistics without speculative intepretation.,support,refute,high,entails_refute,f1feb7b4fe71b072c7e4c338c95036bd30f65255
H2,W2141663490,"The conclusion of our review is that while the phenomenon of UPE from biological systems can be considered experimentally well established, no reliable evidence for the coherence or nonclassicality of UPE was actually achieved up to now.",refute,refute,high,entails_refute,4ff403607ae13287f7334425a9b485d5c85d48af
H6,W2172375368,"A physiologi- cal role for biophotons is consistent with observations that fluctuations in UPE correlate with cerebral blood flow, cerebral energy metabolism, and EEG activity.",support,support,high,partial,a4f3b189725447f3eedb479633f5023cc6433f9d
H1,W1536768922,"It was also demonstrated that mitogenetic radiation can not only stimulate, but also inhibit the cell growth.",support,support,high,partial,e396e42823c85cd5591afbbcad50eabf66fbf391
H3,W1536768922,Drossinakis on research of delayed luminescence from the human body It was shown that 1 cm2 of skin generally emits 85 photones for 1s.,support,not_about_claim,high,,dbc2c2cb3677d909f346700d0fcb959ca06b53bb
H1,W1652603558,"It was also demonstrated that mitogenetic radiation can not only stimulate, but also inhibit the cell growth.",support,support,high,partial,7b0738fb742a66fd147dd175a742da4e5d18c5ec
H3,W1652603558,"Drossinakis on research of the delayed luminescence of the human body with using EMI9558QA photoemission detector: figures represent the graphs with different intensities; left graphs – left hand, right graphs – right hand; the calculation of biophoton emission was measured in count/100 ms/count; the reading interval – 100 ms; the irradiation time – 5 s; the average diameter of the skin area – 7 cm; axis X – time; axis Y – counts/cm2 It was shown that 1 cm2 of skin generally emits 85 photones for 1s.",support,not_about_claim,high,,3a2686731614ddb985cea8761ed53ad4e656c017
H1,W1899483214,"It was also demonstrated that mitogenetic radiation can not only stimulate, but also inhibit the cell growth.",support,support,high,partial,0195d023beda2cdecd55e068ee1b78bbdcfa15a0
H1,W2184493647,"It was also demonstrated that mitogenetic radiation can not only Journal of Medicine, Physiology and Biophysics www.iiste.org ISSN 2422-8427 An International Peer-reviewed Journal Vol.5, 2014 80 stimulate, but also inhibit the cell growth.",support,support,high,partial,7cf75c5d3895b08fb7d48a11ce545df2e7bb5fa7
H1,W2225632160,"It was also demonstrated that mitogenetic radiation can not only stimulate, but also inhibit the cell growth.",support,support,high,partial,7ee865d82d4ba68d101302b6af75e8ea0ede476a
H1,W2321708420,"It was also demonstrated that mitogenetic radiation can not only stimulate, but also inhibit the cell growth.",support,support,high,partial,9f49110fa4b8bc4de7d57cf031cc25b8d3321973
H12,W2253594928,The conclusion of intention or ‘free-will’ as described by physiochemical parameters is of 9 critical importance insofar as measurements by a photomultiplier at distances of 15 cm from the head demonstrated significant increases in biophoton energies along the right side but not the left when subjects imagined white light in dark environments.,support,support,high,entails_support,9532727968f98488530450bdedd6b014d2f43e20
H10,W926265707,"As demonstrated by the imaginative experiments of Pollack and his colleagues [12-14], the increased viscosity within the exclusion zone that emerges as an interface between the surface and bulk water and the formation of a concentrated layer of protons produces voltages that are There is theoretical and empirical evidence that proton flux [11] through proton channels within the plasma membrane may be the prototypic source for electrical potentials because of the emergent property of interfacial water that occurs along a surface.",support,support,high,partial,6f53ed5d5680faec8c3ded03494b201725b057af
H10,W926265707,"As demonstrated by the imaginative experiments of Pollack and his colleagues [12-14], the increased viscosity within the exclusion zone that emerges as an interface between the surface and bulk water and the formation of a concentrated layer of protons produces voltages that are There is th eore tical and empirica l e vidence that proto n flu x [11] throug h proton c hannels within the plasma membrane may be the prototypic source for electrical potentials because of the emergent property of interfacial water that occurs along a surface.",support,support,high,partial,2035d7f2c7388a9fe0544c0382878938174b386f
H10,W926265707,"As demonstrated by the imaginative experiments of Pollack and his colleagues [12-14], the increased viscosity within the exclusion zone that emerges as an interface between the surface and bulk water and the formation of a concentrated layer of protons produces voltages that are There is theo ret ical and empiric al evidence tha t proton flu x [1 1] through proton channels within the plasma membrane may be the prototypic source for electrical potentials because of the emergent property of interfacial water that occurs along a surface.",support,support,high,partial,86384ff50e95298ddb039ff6aeb0b80d61b04612
H10,W926265707,"As demonstrated by the imaginative experiments of Pollack and his colleagues [12-14], the increased viscosity within the exclusion zone that emerges as an interface between the surface and bulk water and the formation of a concentrated layer of protons produces voltages that are The re is theoretical and empirical evidence that proton flux [11] through proton channels within the plasma membrane may be the prototypic source for electrical potentials because of the emergent property of interfacial water that occurs along a surface.",support,support,high,partial,3cb4e6b7c7e5f5c9be9bbf3f2344e3769d2cc614
H10,W926265707,"As demonstrated by the imaginative experiments of Pollack and his colleagues [12-14], the increased viscosity within the exclusion zone that emerges as an interface between the surface and bulk water and the formation of a concentrated layer of protons produces voltages that are the same order of magnitude as the resting plasma membrane potential of living cells.",support,support,high,partial,f31cbe5eac695da3f4de6d121f176b151137fb18
H7,W1523504261,Experiments on rat nerves showed that neurons could act as light guiding elements [28].,support,support,high,partial,39de064776fa499df36a6547ec27cd379bedb1ac
H6,W1523504261,Biophotons as neural communication signals demonstrated by in situ biophoton autography.,support,discuss,high,,35ba867ead96da849fdc8710b4302e880efb90d3
H5,W2605549708,"A separate body of research has shown that HMs have unique electromagnetic and optical signal properties in potencies, compared with controls [26-35].",support,not_about_claim,high,,9e1137c966eae24334574814a042a6dde1bc6ed7
H11,W1991450704,Even spectral analyses of the power densities distributed across the band of wavelengths for the photon emissions from the magnetic field exposed water revealed this “standing spatial wave” of about 10 nm.,support,support,low,partial,cb485c45a0f177184a129dcadbc27859dacebde7
H7,W1772278611,Our results are consistent with the (but not the only) possibility that these interactions are mediated through the spherical wave guide between the earth and ionosphere through which the fundamental frequency of the Schumann Resonance is generated [24].,support,not_about_claim,high,,2ed3ba2bae2ea566c0256e91b3c4b3ae4568f9e4
H7,W1772278611,From this perspective it may not be spurious that the typical splitting of the actual Schumann fundamental within the earth-ionosphere waveguide is also within the tenths of a Hz range although the actual band of the fundamental is ~2 Hz [24].,refute,not_about_claim,high,,62b94c822c1e07df9721fdcb97390a6d1393526f
H7,W2130217405,"The results are consistent with the congruence of the fre- quency, magnetic field intensity, voltage gradient, and phase shifts that are shared by the human brain and the earth-ionospheric spherical wave guide.",support,not_about_claim,high,,5fab9a9d93cfa878e32b6a7014b5d2b99c79bb1e
H7,W2130217405,"Discussion To our knowledge this is the first detailed, quantitative demonstration that there is real time coherence between the specific frequency bands reliably measured within human electroencephalographic activity and comparable fluctuations in electromagnetic characteristics within the earth-ionospheric spherical wave guide.",support,not_about_claim,high,,9dbfa2af3012598a3b75135861f61064e29c4c1c
H7,W2498742299,Recently Saroka and Persinger [53] demonstrated that the Schumann Resonance frequencies within the QEEG data of dozens of subjects were correlated with those generated within the earth- ionospheric waveguide.,support,not_about_claim,high,,fc33876b756ed56b4c25f953f4ed900bfebf35f2
H11,W369500653,Spectral analysis of the photon emissions from the water that had been exposed to the optimal intensity magnetic fields in the dark for several days before the photon emissions Spectral analysis of the ph oton em iss ions from the water t hat h ad been exp osed to the optimal intensity magnetic fields in the dark for several days before the photon emissions 20 ILCPA Volume 43 were measured revealed peaks in SPD at functional distances of 10 nm and 5 nm.,support,support,low,partial,43401eeefb056f83be51edf4b1143c17736a4bc8
H6,W2085110797,"Spectral analysis of the ultra-weak photon emission from different samples such as rat perfused lung, rat brain and liver homogenate, spinach mitochondria, cotyledons of etiolated seedlings of Cicer arietinum L., DNA, hemodialysis plasma cells, esophageal carcinoma cell line, porcine ex-vivo skin model induced by different treatment, showed that ultra-weak photon emission originates mostly from 3(R 5 O)*14,43–48.",support,not_about_claim,high,,5caba01e3e4c83be4777c8447dc9e85a06ebadd6
H11,W2085110797,"Spectral analysis of the ultra-weak photon emission from different samples such as rat perfused lung, rat brain and liver homogenate, spinach mitochondria, cotyledons of etiolated seedlings of Cicer arietinum L., DNA, hemodialysis plasma cells, esophageal carcinoma cell line, porcine ex-vivo skin model induced by different treatment, showed that ultra-weak photon emission originates mostly from 3(R 5 O)*14,43–48.",support,support,high,partial,830f2ee730aeaf34460b102e96ce31e17aee503c
H6,W2288571850,"Sun Y, Wang C, Dai J (2010) Biophotons as neural communication signals demonstrated by in situ biophoton autography.",support,discuss,high,,bb76e44cd85aff1c8d680db6d8b82bb39ea309fd
H2,W1920668343,There is no evidence of either coherent ﬁelds in biological systems or any coherent properties of UPE from them.,refute,refute,high,entails_refute,4452625efc5a0fd0ed6a7397940ae4444a655f05
H1,W1920668343,The Present Day Paradoxical State-of-art… Let us take the most skeptical position and join those who claim that the basic mitogenetic eﬀect does not exist at all.,refute,discuss,high,,529c87207388d878aa60dd9816e96eaa089fa244
H1,W1920668343,Partial evidence for the existence of mitogenetic radiation.,support,support,low,partial,4613db5031c34a6141b589e0b9f0815c872c01b2
H6,W2286620603,"Generation of photons from human brains by cognition, particularly visual imagination of white light (thought) coupled with photon emissions is experimentally confirmed by Dotta and Persinger (2011a), Dotta et al.",support,support,high,partial,f68118ad5f7268e1b23bf5e880e826cf38e336c1
H2,W2346999499,There is strong evidence that the power densities of the photon emissions for each hemis- phere are not temporally coherent but lagged by approximately 1 s.,support,refute,low,partial,5d34f2f75334e251f00d2644005e9e1c1a3360ca
H6,W2346999499,In previous studies we had shown that the amplitude of the photon emissions from the right hemisphere but not the left hemisphere increased during imagining white light but not during engagement of more mundane cognitive tasks [1].,support,support,high,partial,e29133726e54102e268272474f5cfc8187c658d3
H6,W2346999499,The repeated observations in previous experiments [1] [3] that instructions to imagine or not imagine types of imagery was associated with increased photon emissions from the right side of the brain and not the left side of the brain [1] minimized the likelihood of artifact.,refute,support,high,partial,f4302c095a714fb01ca3eceb4e8f7ceaa02d3f17
H6,W2346999499,(2010) Biophotons as Neural Communication Signals Demonstrated by in Situ Biopho- ton Autography.,support,discuss,high,,4a753c805878dc2695933899062ce8a3dbc1d5df
H6,W2401427660,"The persistence of spontaneous photon emission within mass equivalents of human brain that are associated with cognitive functions and ideation supports the concepts of Eddington, Mach, and Spinoza and suggests that structured matter, any where within the universe, may simply reflect the intrinsic properties of that total set. 14 Justin N.",support,support,low,topical_only,fee1520773d72d6a96b3deab4274d527435983c8
H6,W2403197937,"In this article, we showed that spontane- ous photon emissions increased near fixed whole brains and sections and that the power spectra of the amplitude modulations of these flux densities were not random and may reflect the capacity to retain photonic energies. 2.",support,discuss,low,,6c601b669f0f5b213b315daa39dbb37ffb4b71ec
H6,W2403197937,In previous experiments we [15] [16] had demonstrated quantitative equivalents between biophoton emissions from brain activity and very small and proximal shifts in the earth’s magnetic field. 3.,support,support,low,topical_only,2bd4056d2a6b76f593422654300d63a295f384bd
H6,W2520297174,"Neurotoxicology 19(4-5):669–674. 5 Sun Y, Wang C, Dai J (2010) Biophotons as neural communication signals demonstrated by in situ biophoton autography.",support,discuss,high,,e47a7a11b4c72473103b99bca121ee791cdc7d9d
H5,W2406980188,"Phase cycling techniques have been suc- cessfully demonstrated as control tools for the selection of ﬁxed-phase components of optical signals generated by mul- tiwave mixing (Keusters et al., 1999; Tan, 2008; Tian et al., 2003; Zhang et al., 2012a,b).",support,not_about_claim,high,,54c725be5b28b377378d5347bbe0055ffabe417a
H5,W2406980188,"(111) may be used to calculate arbitrary optical signals induced by entangled photons, as will be demonstrated in the following.",support,not_about_claim,high,,58c8758b08c736738c38711312bf6bb30ee0bf65
H5,W2406980188,"Based on our analysis of the entangled light state (33), we have shown that optical signals induced by such entangled states cannot be reduced to a simple sum over the signal of each quantum mode: The quantum correlations depicted in Fig. 3 are nec- essarily missed in a single-mode approach.",support,not_about_claim,high,,0f5a09dbb2e883c5de1e93a46665f342e56804da
H3,W2473666161,Preliminary experiments showed that delayed luminescence resulting from seed manipulation in the light decayed to a minimum in 15 min and did not change for up to 5 h.,support,not_about_claim,low,,6b0e3c3d176eb1787bbf897981709d99f120cb4f
H9,W2473666161,Preliminary experiments showed that delayed luminescence resulting from seed manipulation in the light decayed to a minimum in 15 min and did not change for up to 5 h.,support,discuss,low,,590aa032f0fc742f1881757687491d065262b80b
H9,W2473666161,This demonstrates the oxygen dependence of UPE from seed coats. 0 4000 8000 12000 16000 Photon emission (counts/s/g) whole seed coats seed coat inner layer 0 10 20 30 40 50 60 70 0 15 30 45 Time (min) Uncorrected photon emission (counts/s) 0 500 1000 1500 2000 2500 3000 Internal face vs PMT External face vs PMT Photon emission (counts/s/g) i ii iii a c d b Dry air 10µm 5mm External face Internal face p<0.01 Dry air e Figure 2.,support,discuss,low,,f01ab45831432f04df4bb3183e83ede268826b9c
H9,W2473666161,"Source of seed coat UPE and the response to variable environments In the present study we show that in the presence of oxygen, the internal layer of P. vulgaris seed coats emits photons in response to both increasing temperature and decreasing relative humidity.",support,support,low,partial,5a716e3fa081b37c67d493fe18b22f4908421186
H9,W2473666161,"Seed coat UPE in response to temperature, oxygen and RH is consistent with that seen in the oxidative degradation of cellulose, with the energy of activation (Ea) values for seed coats (47–48 kJ mol1) similar to that for cellulose (55 kJ mol1) at temperatures below 100°C (5,42,43).",support,discuss,high,,c597a78d4851f5033e79343260c7739cd468650f
H9,W2473666161,Further- more we show that carbonyls are the originating source of seed coat UPE as blocking carbonyl groups with DNPH effectively eliminated UPE above background levels.,support,discuss,high,,586e4a477182ac58fb2a655266243e949187ffc4
H9,W2473666161,"We show that in the presence of DNPH the transient UPE peak seen on rehydration of seed coats is eliminated, indicating that in this case the energy transfer from superoxide to singlet oxygen (or excited pigments) is potentially via carbonyls.",support,discuss,high,,c9fcabbced495280a7f8d731bd9feea3645b13fd
H9,W2473666161,Seeds contain both cryptochrome and phytochrome that can detect the blue and yellow parts of the spectrum we show for peaks of UPE from the seed coat.,support,discuss,low,,2b8dfdef6edab09b01e6dbcb6dff2ede0658cd2d
H9,W2473666161,In support of this it has been shown that oat seedling phytochrome can be photo-converted to the active form by UPE from excited car- bonyls (60).,support,not_about_claim,low,,33c7fdbaee761246cabc5d0ac4403027613450fe
H3,W2560093554,Moreover these results demonstrate that measurements of delayed luminescence could be used as a fast and non-invasive technique to check the effects of ion beams on relatively simple biological systems.,support,support,high,partial,6bf20a2279cc87f980386c7f477cfc5a41b84a49
H7,W2499288807,"Here we show, based on detailed theoretical modeling, that myelinated axons could serve as photonic waveguides, taking into account realistic optical imperfections.",support,support,high,partial,ec87980edc584d7ac6781b7d3281e266074b1b9f
H6,W2499288807,"Here we propose myelinated axons as potential biophoton waveguides in the brain, and we support this hypothesis with detailed theoretical modeling.",support,discuss,high,,691b4e9b3820449e10f15627c1eb1c08fd447d61
H7,W2499288807,"Here we propose myelinated axons as potential biophoton waveguides in the brain, and we support this hypothesis with detailed theoretical modeling.",support,support,high,partial,a80fa5abcc3667e5b92091704f6ac4b3444fc3d2
H7,W2499288807,"There is some indirect evidence of light guidance in axons12,28,29.",support,support,high,partial,b344b7f26bdd4b02bd7691d8ed64fede6672727a
H6,W2499288807,Biophotons as neural communication signals demonstrated by in situ biophoton autography.,support,discuss,high,,6a806c643459f157d6081ba9d4868b60765d0414
H7,W2949156436,"Here we show, based on detailed theoretical modeling, that myelinated axons could serve as photonic waveguides, taking into account realistic optical imperfections.",support,support,high,partial,273ee8260b1b6bd7293fdf2df8bcf7ab290d9394
H7,W2949156436,"There is some indi- rect evidence of light guidance in axons [12, 26, 27].",support,support,high,partial,a3b39e7c19b19534f1938a5fda1cacab8ac6b7a2
H6,W2949156436,Biophotons as neural communi- cation signals demonstrated by in situ biophoton autography.,support,discuss,high,,92b4e738f5ca477d92d648edafd10d3ef2f7fc42
H6,W2340609881,Sun and his colleagues [25] have shown direct evidence of biophotonic conduction along neural fibers through interactions with membrane proteins.,support,support,high,partial,2dea339d367e4bf17a00e5a34591b87873b3081e
H6,W2340609881,Biophotons as neural communication signals demonstrated in situ biophoton autography.,support,discuss,high,,529b63f1100325e07fce06fa67e6f6b43c7b762f
H11,W2310272287,"Our recent results on the spectral analysis of linoleic acid induced ultra-weak photon emission from Chlamydomonas cells using band pass filters showed that the photon emission is in red region of the visible spectrum (> 600 nm), with a photon emission maximum at 680 nm indicating that the photon emission is predominantly from sin- glet excited chlorophylls.",support,support,high,partial,268645ed29b6be3823f33109d549b5fb1d12be09
H6,W2486181249,(2010) Theoretical and Experimental Evidence of Macroscopic Entanglement be- tween Human Brain Activity and Photon Emissions: Implications for Quantum Consciousness and Future Applications.,support,discuss,high,,a8836fbad60841b5c4e8f4567f32b314d63a8f2b
H6,W2558190570,"Here we present lines of evidence that indicate brains preserved and maintained over 20 years in etha- nol-formalin-acetic acid (EFA) [8], a chemical fixative, retain basic functions as inferred by microvolt fluctuations and paired photon emissions within the tissue.",support,support,low,partial,a2bd2f41c693d8674555383941cb4e09bafb3a3c
H6,W2293195849,"Experiments by Tang and Dai [22, 34] provided evidence that the glutamate-induced UPE intensity reflects biophoton transmission along the axons and neural circuits.",support,support,high,partial,e71ec1d08c0e19de75992bea96156cc452286baa
H7,W2416305713,This would demonstrate the ability of a mitochondrial network of acting like a waveguide in the optical spectral region.,support,discuss,high,,24cf0d335055863a3765a013b2af13406a75bc04
H6,W2416305713,Biophotons as neural communication signals demonstrated by in situ biophoton autography.,support,discuss,high,,9b8d0b68733176b8558e8d41f46901d92cdb2a4a
H7,W1553980249,"For this reason surface scattering was observed instead of the waveguide output to conﬁrm THG in [159, 453].",support,not_about_claim,high,,f09efd68b58b6c4ec491795f4c28ba386ed009fc
H5,W2484869774,"Thus, understanding the mechanism underpinning the detection of a single photon with only B4  10  19 J of energy would demonstrate that the weakest possible, quantized optical signal is not completely swamped by neuronal noise and other inefﬁciencies.",support,not_about_claim,low,,c60dccaf8c93a7279e3a2277827edeaec02a51a9
H6,W2590575197,"Another study showed that photon emissions in brain tissue varied strongly, when the tissue was either oxygen deprived, or alternatively exposed to pure oxygen.",support,support,low,partial,a9fe388dbf8e7b62f31726f8bb56f4149f2dfcb2
H6,W2590575197,In contrasts externally measured ultra-weak bio-photon emission from cells and neurons is principally produced from natural oxidation processes on the surfaces of cellular membranes as demonstrated by Blake et al. 2011.,support,not_about_claim,low,,3fccf0ac53c4e44ca81d8c71afc1eaccbb495b91
H6,W2590575197,Biophotons as neural communication signals demonstrated by in situ biophoton autography.,support,discuss,high,,becdc5316fcfc303bb855de7a7f52f7208093f8d
H1,W2747722102,"Only in 1951, Strehler and Arnold, using the recently invented photomultiplier tube (PMT), and using as biological samples a kind of algae [4] positively confirmed the existence of the mitogenetic radiation.",support,support,high,partial,8b76b83164d3dd4b0f1e1860483b3cbe72fbf29b
H6,W2749315161,"As neurons communicate with surrounding cells through chemical and electrical potentials, the possibility for photon emissions would be consistent with what occurs within basic cell constituents: atoms.",support,discuss,high,,1a7cac04b9ac60271338ff8330424a807955a157
H6,W2749315161,(2010) Biophotons as Neural Communication Signals Demonstrated by in Situ Biophoton Autography.,support,discuss,high,,29af640679df4207ccd585233749ee911e004982
H6,W2749315161,"In this article, it is 44 shown that spontaneous photon emissions increased near fixed whole brains and sections, and that the power spectra of the amplitude modulations of these flux densities were not random and may reflect the capacity to retain photonic energies.",support,discuss,low,,9a68528df3bce17698956d19cb638895c8173e15
H6,W2749315161,"Previous experiments (Hunter et al., 2010; Persinger, Dotta, Karbowksi, & Murugan, 2015) had demonstrated quantitative equivalents between biophoton emissions from brain activity and very small and proximal shifts in the earth’s magnetic field. 49 Results Whole-Brain A factor analysis with varimax rotation revealed 2 components, cumulatively explaining 77% of the variance.",support,support,low,topical_only,8ee92be9d5cd4a257c811ca77ba74ca9a0f0b38b
H6,W2749315161,"The persistence of spontaneous photon emission within mass equivalents of human brain that are associated with cognitive functions and ideation supports the concepts of Eddington, Mach, and Spinoza and suggests that structured matter, anywhere within the universe, may simply reflect the intrinsic properties of that total set. 74 References Aczel, A.",support,support,low,topical_only,4a83fb5f0e27e140f8281b9730be64c810be3642
H2,W2749315161,There is strong evidence that the power densities of the photon emissions for each hemisphere are not temporally coherent but lagged by approximately 1 s.,support,refute,low,partial,698c756729a5052added6e56d38f11e00914789e
H6,W2749315161,"In previous studies we had shown that the amplitude of the photon emissions from the right hemisphere but not the left hemisphere increased during imagining white light but not during engagement of more mundane cognitive tasks (Dotta, Saroka, & Persinger, 2012).",support,support,high,partial,36d40d989d243d0f38c5d0e5de1dcc3f638f7ddb
H6,W2749315161,"The repeated observations in previous experiments (Dotta, Saroka, & Persinger, 2012; Saroka, Dotta, & Persinger, 2013) that instructions to imagine or not imagine types of imagery was associated with increased photon emissions from the right side of the brain and not the left side of the brain (Dotta, Saroka, & Persinger, 2012) minimized the likelihood of artifact.",refute,support,high,partial,4c5d6749deb36a735957b6aedf6df148fe73593f
H4,W2604892656,"This contradicts classical theories suggesting that bioluminescence arose from oxygenases involved in the removal of oxygen (by-product of oxygen detoxification when photosynthetic oxygen started to rise in the atmosphere) or involved in oxidation of increasing levels of unsaturated and aromatic compounds during early life his- tory [74,75].",refute,not_about_claim,low,,a83cef439d3675f41091d77e54f191f7a65040a9
H6,W2765089583,Biophotons as neural communication signals demonstrated by in situ biophoton autography.,support,discuss,high,,8093ab8f64c097d1c5f652b645428c2dda94a002
H7,W2724166426,"In these setups, dubbed waveguide QED, the absence of a cavity means that the atoms will interact with a continuum of propagating photonic modes, but the conﬁnement to 1D instead of 3D is enough to still achieve a strong coupling.",refute,not_about_claim,high,,c8ef75f85dd33a46362df495a4fbbdc16225bb60
H7,W2724166426,"Theoretical studies have shown that quantum emitters can couple eﬃciently to waveg- uides for plasmons made from nanowires [508], graphene [509, 510], and carbon nan- 42 otubes [511], but later experiments with quantum dots and natural atoms have seen them coupled to photonic crystal waveguides instead [235, 512–517], where theory pre- dicts that Γnr can be made small [518, 519].",support,not_about_claim,high,,d5a1f95647aa27d74b4827d870a45041cd5e383a
H7,W2724166426,"Ultrastrong coupling Superconducting artiﬁcial atoms can not only couple ultrastrongly to cavities [307, 404, 407, 409], as discussed in Sec. 4.3, but also to an open waveguide [404, 576, 739], as recently demonstrated in an experiment [396].",support,not_about_claim,high,,57bb775df2c6cb871352be451d9c08241661612e
H7,W2724166426,"For example, autonomous stabilization of a Bell state for two transmon qubits has been demonstrated using a combination of continuous drives and dissipation engineering [1309] and high-ﬁdelity detection of the parity of two code qubits via the measurement of a third syndrome qubit has been achieved using three transmon qubits connected by two coplanar-waveguide resonators [1310].",support,not_about_claim,high,,23fa78eea576a6ca5b15a35880e7dec9d3ba29aa
H6,W2748679677,"Experimental confirmation and refinement of the Haken- Strobl site probability evolutions in Figure 5 would allow more precise simulations of the extent of ROS-induced, UPE-stimulated excitonic transport in neuronal microtubules.",support,discuss,high,,08c169351a4099041ee47573b6a86a90e18989f5
H2,W2748679677,Biophoton emission: New evidence for coherence and DNA as source.,support,discuss,low,,52ba0a47f564c8198dcb0d3790060b00d396a740
H6,W3156021579,Biophotons as neural communication signals demonstrated by in situ biophoton autography.,support,discuss,high,,cf3e695e69dce4681f1a6502c5e1d8cd4c049da0
H6,W2757086493,"Persinger MA, Lavallee CF.Theoretical and experimental evidence of macroscopic entanglement between human brain activity and photon emissions: implications for quantum consciousness and future applications.",support,discuss,high,,1e4d64e4cf468848a84caaddfc4ee177a667cfa7
H6,W2737103945,Biophotons as neural communication signals demonstrated by in situ biophoton autography.,support,discuss,high,,37cee27f02ac6ddc9227fbcab793140f1fba00b6
H11,W2737103945,"According to Cosic, the peak wavelength λ for photon emission, which we have demonstrated to be valid through direct experimental manipulation is: λ = K·frrm (1), where K is the constant 201 and frrm is the numerical frequency obtained from the spectral analysis.",support,support,low,partial,13867a820faca403a9c85ba920345db22982440e
H11,W2737103945,Spectral analysis of the photon emissions from the water that had been exposed to the optimal intensity magnetic fields in the dark for several days before the photon emissions were measured revealed peaks in SPD at functional distances of 10 nm and 5 nm.,support,support,low,partial,b44150e2bce530e7d7ef0f5f06eafa9e952c236f
H5,W2775301342,"If stationary non-Poisson data are Poisson pre-processing of nonstationary photonic signals: Signals with equality between mean and variance PLOS ONE | https://doi.org/10.1371/journal.pone.0188622 December 7, 2017 10 / 17 non-integer, the PP method takes only the integer part of the data; we showed this on model data with a normal distribution (both types: μ = σ, μ 6¼ σ).",support,not_about_claim,high,,c9f3482698680c93a8efd6c90a84a6053227ca86
H5,W2775301342,Here we demonstrate that our PP method removes artifactual findings from Fano factor (Fig 6) or Hurst exponent (Fig 7) analysis of photonic signals and performs better than just detrending with an added DC component in the case of Fano factor analysis.,refute,not_about_claim,high,,9f1d55cabfa1bf90b12f8eb62b795383725fb5ca
H5,W2775301342,We believe that the application of our method can prevent artifactual findings and enable the analysis of nonstationary photonic signals that might otherwise have been unusable and discarded due to the baseline drifts.,refute,not_about_claim,high,,5379d4be2a6531cd0de0045167ce2c9f385c38ea
H6,W2743495460,Biophotons as neural communication signals demonstrated by in situ biophoton autography.,support,discuss,high,,beba0b098a2f7d19966b6e281430b721407c1462
H7,W2800732830,Our simulation results also confirmed that the concept of “soft material waveguide” [5] is valid at the scales of centimeter and millimeter.,support,not_about_claim,low,,023c86eedb8dc6a4295195c941896862a0dd2368
H9,W2583506909,"As the UPE reflects biological change in the holistic levels, which is consistent with the reflection of the CHM, the measurement of UPE is considered to be a promising means for the analysis of Chinese herbs.",support,support,low,topical_only,755c83f15de806593464966181b2c1f2e18ed28c
H6,W2787444911,Biophotons as neural communication signals demonstrated by in situ biophoton autography.,support,discuss,high,,fb3ec12bca6c83a274e7a19733c515c8c2331581
H6,W2805454121,"Persingerr MA, Lavalléer CF: Theoretical and Experimental Evidence of Macroscopic Entanglement Between Human Brain Activity and Photon Emissions: Implications for Quantum Consciousness and Future Applications.",support,discuss,high,,fafd6a24b614d583fe58401583bd3fd4de303377
H9,W2892847775,"The acclimated 225 status is indicated by a lower accumulation of lipid peroxides under excessive light stress (< 50% 226 compared to untreated plants), revealed by plant autoluminescence and HPLC-UV HOTE 227 quantification (Ramel et al., 2012b).",support,support,high,partial,8ae70894e4830964cf7b1026a28efdf852f2cd31
H3,W2786942555,"Instead the increased tet- rahedrality on decreasing the temperature could give rise to a more ordered water structure Exploring the behaviour of water in glycerol solutions by using delayed luminescence PLOS ONE | https://doi.org/10.1371/journal.pone.0191861 January 29, 2018 11 / 16 that could take into account for the increase in the DL total emission Ncounts on cooling, as reported in Fig 3, confirming once again the correlation between the DL and the order of the emitting structure, as showed in a previous research [45].",support,not_about_claim,low,,f5faf6fbf9679272b4e685e6a6e36866498c0564
H6,W2905839789,"Current studies have shown that glutamate can induce neural biophotonic activity and transmission, which may involve the mechanism of photon quantum brain; however, it is unclear whether such a mechanism follows the principle of quantum mechanics.",support,support,high,partial,90f0f97d1acaee1bb5b2f0cb6437ab29aa344105
H6,W2905839789,"Here we show that the action of glutamate on its receptors leads to a decrease in its quantum energy levels, and glutamate then partially or completely loses its function to further induce the biophotonic activity in mouse brain slices.",support,support,high,entails_support,b9fe4d0f1105a1d6631b8d78bc9991f668754f9b
H6,W2905839789,"Recent studies have shown that biophoton activity may play an important role in quantum biological mechanisms, and it was reported that glutamate, the most abundant excitatory neurotransmitter in the brain, could induce biophotonic activities and transmission in neural circuits, which may involve the mechanism of photon quantum brain (8-12).",support,support,high,partial,f3ae8013c0fd26542ab7081645948322766b4b29
H5,W2905839789,"It is made The copyright holder for this preprint (which this version posted December 22, 2018. ; https://doi.org/10.1101/505024 doi: bioRxiv preprint 4 Results NMDA receptor mediates glutamate-induced biophotonic activity Our previous study demonstrated that 50 mM purchased glutamate (p-Glu) can lead to biophotonic activity and transmission (neural biophotonic signals) in neural circuits, presenting four characteristic stages (initiation, maintenance, washing and reapplication) (8).",support,support,low,partial,f5d3fc1cc843bd73acf078874098c4d028d8c171
H6,W2905839789,"It is made The copyright holder for this preprint (which this version posted December 22, 2018. ; https://doi.org/10.1101/505024 doi: bioRxiv preprint 4 Results NMDA receptor mediates glutamate-induced biophotonic activity Our previous study demonstrated that 50 mM purchased glutamate (p-Glu) can lead to biophotonic activity and transmission (neural biophotonic signals) in neural circuits, presenting four characteristic stages (initiation, maintenance, washing and reapplication) (8).",support,support,high,entails_support,866dca04a45ec040d995dc530ccf75123c499135
H5,W2905839789,"Discussion This study demonstrated that, after induction of neural biophotonic signals, glutamate lost its action and presented a decline in the molecular quantum energy levels, but it did not involve the changes in its molecular structure.",support,support,low,topical_only,7cb8b6f7fcb0967e0bea614e233b19a8cdbbf9fe
H6,W2905839789,"Discussion This study demonstrated that, after induction of neural biophotonic signals, glutamate lost its action and presented a decline in the molecular quantum energy levels, but it did not involve the changes in its molecular structure.",support,support,high,topical_only,e2229c254ae5cb59fa847c6585702221215c67c9
H6,W2905839789,"The glutamate-induced biophotonic activity tended to decrease after long-term perfusion with four whole brain slices Dynamic changes in the biophotonic activity in an imaging slice demonstrated by RGVs are shown after the cyclic perfusion with 100 ml of ACSF containing 50 mM p-Glu and four whole mouse brain slices, which were placed into a perfusion bottle.",support,support,high,entails_support,5596693b098afe1ceb98ab84aee0e3416eb4c653
H6,W2905839789,"The patterns and intensities of 50 mM glutamate-induced biophotonic activity were the same for both slices, which was consistent with that obtained from a whole brain slice containing left and right hemispheres.",support,support,high,entails_support,1059dd81b736d68e1f4e594ad02dd7bbedc7e28b
H6,W2905839789,Acetic acid induced-biophotonic activity in mouse brain slices Representative dynamic changes in the biophotonic activity demonstrated by RGVs are shown in left panel (30 s imaging time for each image).,support,support,low,partial,8a527cc399ef3a7d17b16886bc9b75fc88492b8a
H6,W2905839789,The effects of sodium glutamate on the biophotonic activity in mouse brain slices Representative dynamic changes in the biophotonic activity demonstrated by RGVs are shown in the left panel (30 s imaging time for each image).,support,support,high,topical_only,fd62df645b696bea451529a011a03c299b7e0829
H10,W2802633733,"The potential decreases from the beginning of non-contact exposure. https://doi.org/10.1371/journal.pone.0195057.g004 Exclusion zone and water structure PLOS ONE | https://doi.org/10.1371/journal.pone.0195057 April 18, 2018 8 / 17 Detailed investigations on the fracture surface of the ice from water treated in a non-contact manner further revealed that exclusion zone water could exist in the form of strings or fiber- like structures (Fig 9A) depending on the area of observation.",support,support,high,partial,ddd23560b68cafd4f5ddb742639acdae0adcc6b1
H10,W2802633733,"From the measurement of electric charge separation, it is strongly indicated that the origin of the high-density water is the exclusion zone.",support,support,high,partial,1e93056a00bb8912417ca3dd86272bbc6eb65f7d
H10,W2802633733,Photobiomo- dulation of aqueous interfaces: Finding evidence to support the exclusion zone in experimental and clin- ical studies.,support,discuss,low,,f7933ad92138549d814fc73fc7f41b3131a3564d
H1,W2903992114,"It was also demonstrated that mitogenetic radiation can not only stimulate, but also inhibit the cell growth.",support,support,high,partial,57083e32555c9103091726c3bb188cf6cc3d880b
H3,W2903992114,Drossinakis on research of delayed luminescence from the human body It was shown that 1 cm2 of skin generally emits 85 photones for 1s.,support,not_about_claim,low,,4bfc9dce1c20a166611fb02815f73920baeeefbb
H7,W2797913657,"Here, we demonstrate quantum interactions between distant two quantum dots on a nanophotonic waveguide.",support,not_about_claim,high,,b7e6398f8f8b80e39bb825092437d8a9247d183c
H5,W2797913657,"When multiple emitters simultaneously couple to the same mode, they collectively emit faster than individual emitter, enabling a broad range of quantum optical interactions that generate non-classical states of light,12,13 super-radiant lasers,14 and entanglement between quantum bits.15-17 A number of quantum systems such as integrated atoms,10,15,18 superconducting circuits,16 and atomic defects17 have demonstrated super-radiant behavior.",support,not_about_claim,high,,6293a975a78f23c8bcc997c91aa9611c5f97f2d0
H7,W2797913657,In this letter we report an experimental demonstration of super-radiant emission of two quantum dots coupled to a nanophotonic waveguide.,support,not_about_claim,high,,f08a8d23f9f628cdc2889a3c22ce403132f7af08
H7,W2797913657,"(c) Illustration of interacting multiple identical quantum dots on the controllable waveguide device. 11 In summary, we have demonstrated the super-radiance from individual quantum dots integrated into a single chip.",support,not_about_claim,high,,738d468f1ced49b167256800cda5fe6873bed99f
H7,W2797913657,"In order to confirm Purcell effect, we investigate the decay 17 rates of 33 different quantum dots in 5 different waveguides as shown in Figure S2d and observe a strong enhancement of the decay rate near the band edge, where the photonic density of state becomes maximize.",support,not_about_claim,high,,b0c834f28561cb443615b8467f90f1664facc25a
H2,W2794095848,Biophotons emitted from cancer cells lack coherence and fail to follow natural rhythmic patterns.,refute,support,low,partial,44377e4d1efc1e93d59ee449ff1726a95aa41cbc
H6,W2884116089,(2010) Theoretical and Experimental Evidence of Macroscopic Entanglement between Human Brain Activity and Photon Emissions: Implications for Quantum Consciousness and Future Applications.,support,discuss,high,,87de6b9ca9239d596ad1fd1f47b13d659ec08e8f
H1,W2979283984,"Grayston, “Partial evidence for the existence of mitogenetic radiation,” Microbiology 143, 1-3 (1997). 57.",support,discuss,low,,25b70d0a1023c7b5e99bab23bf1775aead4caab7
H1,W2979283984,"Wainwright, “Historical and recent evidence for the existence of mitogenetic radiation,” Perspectives in Biology and Medicine 41(4), 565-571 (1998). 58.",support,discuss,low,,472c6e7c74282b76a7015216ad4a6b88a1eeedc6
H1,W2979283984,Confirmation of mitogenetic effect would open wide prospects in biology and medicine; unambiguous refutation would give a novel interpretation to the results of that time.,refute,discuss,high,,75dacbbaf56e64e295a6f20bc4357bbfda8ec23f
H1,W2979283984,"Naumova et al.: Historical review of early researches on mitogenetic radiation … doi: 10.18287/JBPE18.04.040201 J of Biomedical Photonics & Eng 4(4) 31 Dec 2018 © J-BPE 040201-11 It was found that the phenomenon of mitogenetic effect was not species-specific, for instance, a frog muscle as an inductor and yeast fungi as a detector being representatives of different kingdoms demonstrated a clear mitogenetic effect [11].",support,support,high,partial,9019be4ab53f504e059d44dc462ae176c96c5985
H1,W2979283984,"Numerous experiments revealed a wide variety of inductors and detectors of mitogenetic effect, it was also found that certain biological objects were not inductors.",support,support,high,partial,d9f00b0a7e842cc0e2c9ffbbb25b46e7b5aa46d4
H1,W2979283984,The absence of species-specificity and the wide variety of inductors and detectors imply that the mechanisms underlying the mitogenetic effect appeared at the early stages of evolution.,refute,support,low,topical_only,bb201f90fc2a893e16dae80f506c936e1acbd45d
H1,W2979283984,Some authors failed to repeat the well-known experiments on mitogenetic effect due to the disregard of the methods of work with biological detectors (see details in Ref. [28]).,refute,support,low,partial,6fe0290b2c3ec78428d9f32035708425814a3952
H1,W2979283984,"The mitogenetic spectra indicated only presence or absence of radiation within discrete spectral bands without any information about its intensity, thus they were significantly different from usual spectra obtained with physical devices.",refute,discuss,high,,2b712d544495e3011eef266b4478ca18e086fc7b
H1,W2979283984,"Mitogenetic spectral analysis of tumors demonstrated that alive surface cells of tumor with active metabolism had glycolytic and nucleolytic (related to the splitting of nucleic acid by phosphatase) spectra, while internal necrotizing tissues were the sources of radiation typical for proteolysis [133].",support,support,low,topical_only,280a497436abda0a11e17241fca4586e01855b4e
H11,W2979283984,"Mitogenetic spectral analysis of tumors demonstrated that alive surface cells of tumor with active metabolism had glycolytic and nucleolytic (related to the splitting of nucleic acid by phosphatase) spectra, while internal necrotizing tissues were the sources of radiation typical for proteolysis [133].",support,support,high,partial,f84b471308e19f40a9b925dbf1e7d2f841c49789
H1,W2979283984,Mitogenetic response was observed within the range of 206–265 nm.,support,support,high,partial,7ad178e7b78472ee5574028df0bfb0d244197132
H1,W2979283984,"Detector demonstrated much higher sensitivity to the less monochromatic radiation: the mitogenetic response was observed at the intensity levels one-two orders of magnitude lower (about 6–7105 photons/cm2 sec) (see Fig. 9) than for monochromatic radiation, however, still orders of magnitude higher than the intensity of biological inductors [10].",support,support,low,partial,bfc222bae90c178e6f4ea893f32bdcccf9efd011
H1,W2979283984,It was shown that the intermittent radiation allowed one to get a mitogenetic response at the shorter exposure time/the lower intensity than for the continuous radiation.,support,support,low,partial,d753177b1dd26b44189e756a73abd5df18aaf38f
H1,W2979283984,"For continuous radiation the mitogenetic effect was observed at the inductor-detector distance of less than 3–4 cm, while regular interruptions of radiation increased the possible distance up to 15 cm (Refs. [4, 87]).",support,support,high,partial,75d6238eb58d8e792939c121c724bc5fd0070b5f
H1,W2979283984,"If the approaching was slow (>5–6 minutes), the detector did not show any response to mitogenetic radiation; at the faster approaching (<3 minutes) a stable mitogenetic effect was observed [4, 87].",support,support,high,partial,60a4f8e31ef0f5b7e32d3520e14a864659cd667d
H1,W2979283984,"Detectors were more sensitive to polarized radiation, i.e. mitogenetic effect was observed at the longer inductor- detector distances [138].",support,support,high,partial,b03fd6af578b575280583246c9aa63b7651f73fe
H1,W2979283984,"Clinical studies of patients with different types of cancer demonstrated high accuracy of tumor diagnostics based on the cancer quencher (specificity and sensitivity >95%) and its successful application for the efficacy evaluation of implemented therapy [24-27, 73]. 7 Research from the middle 50s to present In the USA a general attitude to mitogenetic effect as a false phenomenon of “Soviet science” started forming as early as in the 30s and works on this topic were quite rare [3, 75, 76, 145-148].",support,support,low,topical_only,19f80ee1636ea540ae06e5570228f3be88c7478a
H1,W2979283984,"Nevertheless, the researches on visible ultraweak photon emission were important for the mitogenetic effect area, not only because the photomultiplier technique was developed, and the possible use of ultraweak photon emission for medical diagnostics was demonstrated.",support,discuss,high,,9585737196a6bb2db6636fcf1493e3cff84fb1e7
H1,W2979283984,"Yet these authors failed to observe the main (biological) mitogenetic effect [167, 170].",refute,refute,high,entails_refute,6ae35a64f87a9deee9238040ee0e40ca0edd2d18
H1,W2979283984,Negative works made up less than 3% of the total number of publications on mitogenetic effect; all of them had been refuted in response criticism with clear statement of errors.,refute,support,low,topical_only,8ad466a31dd88abe146fd6cebf5a49fd7bec6832
H1,W2979283984,"As far as we know, no significant researches on mitogenetic radiation were published in the last years.",refute,discuss,high,,2839870f4c80edd7c32e845418e49f5138aa3259
H9,W2808116502,"Research has revealed that light emitted due to the plant wounding process is related to chlorophyll [15–17], namely singlet chlorophyll (1Chl) within the injured chloroplasts [13,18] and that oxygen and lipoxygenase (LOX) are two of the key initiating chemical components essential for wound induced volatiles and bio- photon emission.",support,support,low,topical_only,3ba8989a784e2507448a271fd2ae51cba8657cdb
H2,W2808116502,"Hyperbolic relaxation decay of normal (photosynthetic) and stimulated (actinic) biophoton emission data has been used to support theoretic claims that a non-local coherent electromagnetic field regulates pho- ton emission [33–35,45–47].",support,support,low,partial,2e9612f5084b14b5f70a0ee2fe3ca7e925d528a3
H9,W2808116502,"Aerobic experiment data revealed the combined ambient humidity and large volume of the plant enclosure quickly saturated the PACU Spathiphyllum leaf wound-induced ultraweak photon emission is suppressed under anoxic stress (in vivo) PLOS ONE | https://doi.org/10.1371/journal.pone.0198962 June 14, 2018 19 / 27 desiccant filter.",support,not_about_claim,high,,c8b53b3c1e2fb1e4924428638818485a5bfa7203
H11,W2808116502,"Spectral analysis of both the aerobic pre-wound and wounded leaves revealed ultraweak photon emission predominates at wavelengths longer than 650 nm, while minute (10 cps) UPE was detected at wavelengths shorter than 500 nm and only during the first 30 minutes of dark adaptation.",support,support,high,partial,a515da0f7c5786b340971172998129fb353f4f43
H7,W2935667913,It is evident that the pilot-wave guiding principle based on the macro-quantum potential energy is annihilated in the presence of classical potential energy due to the absence of synchrony.,refute,not_about_claim,high,,4e16787bcffb4ab9a213c9ec0a17d0ead2e5a8e6
H9,W2898432932,"To fill in this gap, we demonstrate here on A. thaliana that the intensity of endogenous chemiluminescence increases during the germination stage.",support,support,high,partial,5d8677a86839a854108de0be2932ed66ae41e12b
H9,W2898432932,"We showed that the chemiluminescence intensity increases since the second day of germination, but reaches a plateau on the third day, in contrast to other plants germinating from larger seeds studied so far.",support,support,high,partial,0950de31608bb8b47b573e4ace7c349a2be23256
H5,W2898432932,It was pointed out that either meticulous and care- ful photonic signal preprocessing or employment of well-defined control signals19 is needed to avoid artifactual results or misinterpretation of the results.,refute,not_about_claim,low,,4cc69447f770b7906efaa031f09075fcbccb5741
H2,W2898432932,"Given the current state of the experimental evidence, the hypothesis that biological photon emission comes from a coherent field seems unlikely to be true.",refute,refute,high,entails_refute,41639694196df32e85f8dee6508a601a906aa335
H9,W2898432932,The results are qualitatively consistent with the chemiluminescence data from seed germinating experiments from other plants.,support,support,low,topical_only,c0cca9e6e0371c53ec2688e062299e9528dd0dd9
H2,W2898432932,Biophoton emission: New evidence for coherence and DNA as source.,support,discuss,low,,05607b4ab1795c9ce6af856458dc55b10f2939a4
H6,W2751268700,"Proposals to test the hypothesis Although there is already some experimental evidence of biophoton propagation in the brain and axons (12, 43, 44), it would nevertheless be very interesting to test the light guidance of axons directly in-vitro and in-vivo.",support,support,low,topical_only,4fe4a671860931e2d22fcbffc6944ff3d90533d2
H7,W2751268700,"Proposals to test the hypothesis Although there is already some experimental evidence of biophoton propagation in the brain and axons (12, 43, 44), it would nevertheless be very interesting to test the light guidance of axons directly in-vitro and in-vivo.",support,support,low,partial,8b406caa6f98e5eabcadd0e4e27ab7d2c8e40ac9
H6,W2751268700,"Y Sun, C Wang and J Dai: Biophotons as neural communication signals demonstrated by in situ biophoton autography.",support,discuss,high,,2a8139e9ef0b502a91323efa49071ecd03f8db03
H10,W2896529212,The predominant evidence for such claims is the physical exclusion of particles (microspheres) from the hydrophilic surface (thus it is known as Exclusion Zone – or EZ).,support,discuss,high,,d4d835785645828a693e38b68d5774b1ee5ba385
H10,W2896529212,"It was anticipated that evidence of molecular ordering, large enough to be detected with a microscope (i.e. the Exclusion Zone), would provide a convenient starting point.",support,discuss,high,,ef927cd633115e221555711771110f0f0994060c
H1,W2899097888,Email: lx_tessaro@laurentian.ca Abstract Studies by Alexander Gurwitsch in the 1920’ s with onion root cells revealed the phenomenon of mitogenetic radiation.,support,support,high,partial,277205bd5fa4ed98257981d963699a9fcaca666f
H1,W2899097888,"Subsequent works by Popp, Van Wijk, Quickenden, Tillbury, and Trushin have demonstrated a link between Gurwitsch’s mitogenetic radiation and the biophoton, emissions of light correlated with biological processes.",support,support,low,partial,909d9f617d7b60d2cd5480e345660c7aaa3af033
H1,W2899097888,"Although further attempts to definitively show mitogenetic radiation with yeast were not successful, subsequent studies have revealed distinct spectral characteristics of the UPEs recorded from growing Escherichia coli cultures (Tilbury & Quickenden, 1988).",support,refute,low,entails_refute,7f6501b5a197df8aac4fe904347845638a701070
H1,W2899097888,"With respect to works by Tillbury & Quickenden, these are at the extremes of biophoton emissions they recorded as demonstrative of mitogenetic radiation (Tilbury & Quickenden, 1988).",support,support,low,topical_only,1bcc81a686fd046d6c52a1eefb2be5fd95c9ee52
H6,W2755140939,A growing body of evidence supports the idea of the involvement of biophotons within the inner workings of the human brain.,support,support,high,topical_only,60597bb6d9a280877354ffd15fc37a3614c223f5
H6,W2755140939,"Also, it has been shown that glutamate (which is by far the most abundant neurotransmitter Journal of Integrative Neuroscience 179 molecule in the nervous systems of vertebrates—on the basis of its involvement in over 90% of synaptic connections in the human brain) could induce biophotonic activities and transmission in neural circuits [28].",support,support,high,partial,38b3b1c9d7eeb6f51cef5855ada2a4da9638ca9f
H6,W2755140939,"However, in the absence of the crucial experimental demon- stration of biophoton generation and utilization in the brain, what speciﬁc mechanisms are involved in these interactions still remains to be determined.",refute,discuss,low,,6d2a63178af4ade88c0290214e2402f8bc7b60b1
H11,W2790280419,"This has been demonstrated most notably with the emission spectra of model systems such as luminol,364 81 but also with bioluminescent organisms such as bacteria365 and ﬁreﬂies.251,252,261,366 In most cases, the bioluminescence spectrum obtained from chemiexcited molecule is identical to the ﬂuorescence spectrum obtained by photoexcitation of the product.",support,support,low,topical_only,59e36d406f91b4bee9b76f8ee3473c1ecd9c3a53
H7,W2890757971,"Both experimental and simulation results consistently showed a clear confinement effect for the energy flux of transmitting electromagnetic waves inside the dielectric tube, strongly supporting the model of softmaterail waveguide.",support,not_about_claim,low,,bdbbb995ad022a702ca2fc79443a1103f91c7f01
H7,W2890757971,"The results revealed that the softmaterial waveguide had a low-pass nature, where the intensity of transmitted signals saturated at a duration of 10–100 μs for pulses, or cut off at frequency of 10–100 kHz for sine waves.",support,not_about_claim,low,,960886b814ab96d1c052cbb080ed504d6015e2a2
H7,W2890757971,"The results from simulations and experiments were consistent with each other, confirming that softmaterial waveguides worked well in confining electromagnetic waves within the dielectric layer.",support,not_about_claim,low,,ed6d0a3d110028221f6f861c36a4d370eeaa9ae6
H7,W2890757971,"Next, we examined the dependence of transmission efficiency on the length of the softmaterial waveguides to confirm the low-pass characteristics.",support,not_about_claim,low,,0037de4906e9e64c88a0c0c58e85477555332eb3
H7,W2890757971,"Figure 6(a) illustrates that the normalized energy density of EM signals in the softmaterial waveguide decreases slower when compared to that in the solution only, which demonstrates the confinement effect of soft- material waveguides on EM waves.",support,not_about_claim,low,,3040ed5b837cfaf5c18926a79c07a4d97458b22c
H7,W2890757971,"The results from Fig. 6(b) are consistent with the results in Fig. 6(a), demonstrating that the softmaterial waveguide can improve the transmission efficiency of EM waves when compared to the pure solution, where the EM waves disperse rapidly.",support,not_about_claim,low,,9f08c277acf3e7096079f536f907989f72eb42e7
H7,W2890757971,"Furthermore, the signals in waveguide were found to attenuate much less for the same transmission distance, which demonstrated the confinement of the softmaterial waveguides on Gaussian pulses.",support,not_about_claim,low,,68e940ec73b30ad8161344b6f57f085ecb6b207c
H7,W2890757971,"(b) The sectional views of the distributions for relative permittivity and conductivity in control group and softmaterial waveguides. www.nature.com/scientificreports/ 7 SCiEntifiC REPOrTS | (2018) 8:13824 | DOI:10.1038/s41598-018-32345-x Discussion Our experimental and computational results consistently demonstrated that a cylindrical shape plastic (dielec- trics) tube, filled with ionic solutions in and out of the tube, formed a device that fulfilled the concept of a “soft- material waveguide”.",support,not_about_claim,low,,6cc28858537dd38dbe61f08b34c580834de3a79c
H7,W2890757971,"The results of both approaches were consistent with each other, showing that a dielectric tube with solutions filling its both sides worked well as an EM waveguide.",support,not_about_claim,low,,1d52bc491108e9a441f4a5d222404fb6722a6d09
H7,W2782145246,"Axes dimension are in m. www.nature.com/scientificreports/ 7 Scientific REporTs | (2018) 8:539 | DOI:10.1038/s41598-017-18866-x However, since photon emission and propagation in the proposed model occur in a spatially oriented constraint, represented by the node-myelin axis, such photons are unlikely to be detected in the environment, even in close proximity of the cell; therefore, they probably do not participate to what is currently known as UPE35.",refute,discuss,low,,a013c3e90acf0136222ebb351338040383f07071
H6,W2782145246,Biophotons as neural communication signals demonstrated by in situ biophoton autography.,support,discuss,high,,b17d681714d5e6fdfd76447bf5627aabaeb35f0b
H9,W2915940175,We analyze the dark count signal in the absence of germinating seeds as well as the photon emission during the germination process.,refute,discuss,low,,446c06ee902329811b08aa2b7052e2a568e04113
H9,W2915940175,"To ex- perimentally demonstrate its intelligence, we analyze the statistics of the bio-photon emission and we show that in the ﬁrst phase of the germination process µ < 3.",support,discuss,low,,879f80b42a151f826ce64104ab401d887d036749
H6,W2966161849,Biophotons as neural communication signals demonstrated by in situ biophoton autography.,support,discuss,high,,0d00ad4669dd59ee5c505671667ff99f39f43bf2
H9,W2914258844,"The data support the notion that gravi- metric tide minima and maxima affect the UPE of seed- lings, but, as seedlings mature, the periodic components of the gravimetric tide become gradually less pro- nounced.",support,discuss,low,,64cdbc9faff3c444257f495124e6cb80d7daac8d
H2,W2922458642,Biophoton emission: New evidence for coherence and DNA as source.,support,discuss,low,,d0c97ac8d510a0ec95b304fbee64e369cd3ad2ca
H6,W2986677088,"Wanga, Wanga, Lia, Xiaoa, and Daia (2016) pro- vided experimental evidence that glutamate-induced biophotonic activities and transmission in brain slices present a spectral redshift feature from animals (bull- frog, mouse, chicken, pig, and monkey) to humans, which may be a key biophysical basis for explaining why human beings have higher intelligence than that of other animals.",support,support,high,partial,2786b0375a540f4834af1caec30a03b756b40e47
H12,W2986677088,"Moreover, the lowest UPE intensi- ties were observed in subjects who regularly meditate (van Wijk, Koch, Bosman, & van Wijk, 2006).",support,support,high,partial,75b989c5f34bd0540cce1ff2cfd378b13bf8f330
H6,W2986677088,Biophotons as a neural communication signals demonstrated by in situ biophoton autography.,support,discuss,high,,28ba2a08621e6851bc4e53b5f283d3f6b554763f
H6,W2970718617,(2010) Biophotons as Neural Communication Signals Demonstrated by in Situ Biophoton Autography.,support,discuss,high,,56e257a9d1e51844f92b7c05f4724b5ea8bb9cbc
H6,W2956127065,"For example, it was demonstrated that biophoton emissions increased significantly from the right sides of volunteer’s heads when they imagined light in a very dark environment, and the neural activity measured by electroencephalography (EEG) is significantly correlated with the biophoton emissions in the human brain [17].",support,support,high,partial,6ec83bc7347568ed3711d1e709e5bd87993bb6e6
H6,W2956127065,"Because of structural similarity between glutamate and aspartate, we tried to investigate whether as- partate could also induce biophoton activity in neural cells as glutamate does, and to provide new research evidence for further analysis of biophotonic activity and functional importance in the brain. 2.",support,discuss,high,,14da33e86e80cd15935a97fda1fc7c2b6a982a7c
H6,W2956127065,"((a), (b)) repre- sentative biophoton gray images in a brain slice after the application of 50 mM aspartate (a) and the dynamic changes in biophotonic activities demonstrated by relative gray values (RGVs) in this slice after a lasting imaging for 600 min (b).",support,support,high,entails_support,b944227be49c533f86efbde00e1a7a1e6562c360
H6,W2956127065,"DISCUSSION In this study, we found that aspartate can significantly induce biophotonic activity in mouse brain slices, and the intensity and effect characteristics of aspartate are consistent with those of glutamate as re- ported previously; both of them present the characteristic changes of initiation, maintenance, washing and reapplication [18].",support,support,high,entails_support,7d78e66af86efd585b707734a1fd17851cf749fa
H5,W3162433921,"So nerve-fibres become seen as simultaneous paths for two different types of signal (also demonstrated by Sun-et-al, 2010), with AP still dominant in some roles, but subservient to “UPE” optical signals elsewhere. •LOCATING MEMORIES?",support,support,low,topical_only,9099b077c98054b038c0d2475f009a2813b8bdf9
H6,W3162433921,"Scientific American Library: New York. 80 Sun Yan, Chao Wang, & Jiapei Dai (2010, Jan). “Biophotons as neural communication signals demonstrated by in situ bio- photon autography”.",support,discuss,low,,4c935c2232258328f9a6c0c705c879d27527de87
H6,W2896878161,"The artifact is visible in the can- taloupe trace, but typically invisible in single-trial human EEG, especially in participants with high alpha-power (as shown).",refute,not_about_claim,high,,6f0233c306c43f967d60a2e1bede368be250440b
H6,W2896878161,"In cantaloupe and in the water-bucket controls, no alpha-ERD responses were observed in active or sham modes suggest- ing that a brain is required to produce a magnetosensory response downstream of any induction artifacts in the EEG signal.",refute,not_about_claim,high,,0730a4fa03933b4efd398a05f7a1e9cc29ef8423
H4,W3084164447,"It has been demonstrated that biological systems release photons as a result of their oxidative metabolism; this release is termed biophoton emission (Popp, 1994).",support,support,low,partial,28efeb54d2b082ef4d6d2c41f245d5ee1ba3dedf
H6,W2980693044,"Following from this Sun et al. present experimental evidence that nerve cells can also conduct biophotons, and that this eﬀect can be inhibited by the application of a neural conduction block anaesthetic124,133.",support,support,high,partial,eee356939b163e09acad87acc6897843924876c7
H7,W2980693044,"In order to demonstrate proof of principle the authors develop a theoretical model of light guidance in axons, solving the three dimensional electromagnetic ﬁeld equations in the relevant context.",support,support,high,topical_only,aa31658cebc1065a54b7ed99675ac22c26e4685f
H7,W3034071862,"The chiral property was also experi- mentally demonstrated in micro resonators [196], a coupled ferromagnetic waveguide [213], op- tical waveguides with integrated structures [214, 215], and circularly polarized light [189, 190].",support,not_about_claim,high,,5989b917bfd08adc1dbe4fc2ce173834b5a33026
H7,W3012315177,"Similarly, if a waveguiding effect is confirmed, it would indicate that the scattering coefficients we measured are not true reduced scattering coefficients since guiding effects are not assumed to be present for their derivations. 3.3 Tissue Fixation Caused Negligible Effects in Data Analysis In our work, we used perfused, paraformaldehyde (PFA)-fixed tissue to explicitly remove any hemoglobin absorption that could be present in the measurements.",support,discuss,low,,557752605d385c706c536d026895c3879fe7d897
H10,W3043384831,Gerald Pollack’s group has provided many convincing experimental demonstrations of an exclusion zone (EZ) in water whereby particles such as plastic microspheres are repelled from a surface.,support,support,low,partial,4f9a296c26e53147b3581ffbb27dd7aa5258c075
H10,W3043384831,"The negative charge did not distribute uniformly over the structure and optimization of the structure resulted in a “bulk-type water aggregate”, showing it to be unstable.[50] Elia et al. suggest that perturbations near the EZ surface can cause clumps of EZ water to disperse in the bulk liquid, resulting in changes that can be detected in the bulk liquid as the EZ water clumps dissipate.[44] If such clumps do indeed exist their quasi-stability would provide evidence for the structure 4 of 15 change theory.",support,refute,low,partial,a24fe8d7496ea5056e544302ccc984d1e95c324b
H10,W3043384831,"These two species exist in equilibrium in small quantities when oxygen is dissolved in water, exist in much higher quantiﬁes in acidic solutions (such as near Naﬁon, see below), and can be induced by UV radiation.[57] There is evidence that both species absorb in the range of 240-260 nm.[57–60] Pollack also hypothesizes that when light is shined on EZ water it causes positive and negative charges to separate, and the EZ water region to grow.[36] This is problematic since water is a good conductor and charge separation would be difﬁcult to sustain.",support,refute,low,partial,8dd15cf634afd3b84a4aad3acc3960fe30858e91
H10,W3043384831,Scientiﬁc skepticism is called for here as the potentially relevant experiments from Pollack’s lab have not been replicated and no studies have shown any beneﬁt of EZ water to health in animals or humans.,refute,refute,high,partial,18d09c852b38c35c92eab7274999221d25fd8351
H10,W3043384831,"Two independent experiments have found that the magnitude of the repulsive force decays as a function of distance from the surface in a manner consistent with the diffusiophoresis theory.[1,3] The presence of a force decaying from the surface is inconsistent with the theory that a new phase forms in the exclusion zone.",refute,refute,high,partial,8cf269369d9a50c3614b2f5de424a7746a110908
H10,W3043384831,"Pollack has responded to Shurr’s original work.[85] Figure 1 in Pollack’s response arguably support the theory however, since it shows a large pH gradient, as indicated by a dye.[85] However, in an earlier work Ovchinnikova & Pollack argue that the pH gradients reﬂect storage and slow dissipation of electric charge by the EZ water rather than the Naﬁon.[86] Apart from the experiments mentioned previously, there are theoretical reasons to suppose that a large concentration gradient would arrise near the surface of Naﬁon, the most popular surface used for generating EZs.",support,discuss,low,,a96f6a2470111747ff546a87984f11fc72c01d75
H10,W3043384831,Bulk Water with Exclusion Zone Water Characteristics: Experimental Evidence of Interaction With a Non-physical Agent.,support,discuss,low,,4fadd0244efcb60e388c496a5d6e118ae563ff43
H3,W2973982106,"Delayed luminescence has typically described a process in plants with an established ì photosystem,î but research has shown that other organisms also produce delayed luminescence (Scordino et al., 2014).",support,not_about_claim,low,,db7e584e86fe1d9ff9aa927d77e13fb9d6dea570
H3,W2973982106,"Diﬀ erentiating the eﬀ ects bioﬁ eld therapy triggers in a subject, whether it is BE or delayed luminescence, is evidence for bioﬁ eld therapy’s mechanism.",support,not_about_claim,low,,9e2f31645f7c7a01ce3f6f5d2108892e4a90d3dd
H3,W2973982106,"We use ìp hoton emissionî primarily when it is unclear which mechanism is being demonstrated, BE or delayed luminescence.",support,not_about_claim,high,,8f10bbacd7f01064032ac0adbf48ce5031981bb3
H3,W2973982106,Research has demonstrated that collagen tissue displays delayed luminescence when stimulated with a light source (M.,support,not_about_claim,low,,c62014d82b83ede0fb025a3c1747f0c0ca684544
H2,W2973982106,Biophoton emission: New evidence for coherence and DNA as source.,support,discuss,low,,7fcfe1c0713462ff6c56f4fc817127dd725129ba
H3,W2999575750,Experiments demonstrated that cells can absorb UPE by photochemical processes and slowly release these pho- tons as delayed luminescence18–21.,support,not_about_claim,low,,eeeb3575fc04cf68eb58e4f0435e856c94856732
H3,W2999575750,It has been shown that the measurement of delayed luminescence emitted from the biological samples provide valid and predictive information about the functional status of biological systems22.,support,support,high,partial,c8ab29111f2e11f2eb8eed88449bad6faef68d80
H6,W2999575750,"In 1984, Imaizumi et al.28 and in 1985 Suzuki et al.29 experimentally demonstrated that increased UPE can emerge after the induction of hypoxia states in the rat brain.",support,support,low,partial,2e3e25232354bc9bd00960d463f5840193cd0d9e
H6,W2999575750,"In 1995, Isojima et al.14 have shown that there is a correlation between the intensity of UPE and neural metabolic activity in the rat hippocampal slice.",support,support,high,partial,8315fc82a8eedaa8b3eaec0f6c77ee7cde2ab811
H6,W2999575750,"In 1997, Zhang et al.31 revealed that the intensity of UPE from intact brains isolated from chick embryos was higher than the medium in which the brain was immersed.",support,discuss,low,,07ea7d6e783a05e76775d31eba5be4d357391a4e
H6,W2999575750,"Then, an intresting experimental discovery by Sun et al.12 revealed that UPE can be conducted along the neural fibers.",support,support,high,topical_only,3393740b42bb188ad50443ff8d0824b6f4928f1c
H6,W2999575750,"Then, in 2014 Tang and Dai34,35 provided experimental evidence that the glutamate-induced UPE can be transmitted along the axons and in neural circuits in mouse.",support,support,high,partial,c6e54ca16b069e3c1722366731cb353e32e8fc54
H6,W2999575750,They have shown that neurons may act as biological optical fibers and UPE may have some informational role that it may even solve some cognitive open problems like binding problem38.,support,discuss,low,,6761df1baad65ec5cd782caac43284c15c7befc4
H6,W2999575750,"Discussion This study describes the first demonstration of UPE measurement of neural stem cells that increases with serial sub-culturing passages, and also showed that the UPE intensity of the neural stem cells diminishes after the dif- ferentiation and increment of UPE by AgNPs more pushes the differentiation of the neural stems to the neuron.",support,support,low,topical_only,b69ffa99ec10db3e955a76cca16ce38995705ad2
H6,W2999575750,Biophotons as neural communication signals demonstrated by in situ biophoton autography.,support,discuss,low,,c5bf8c9d51ccbfc4865524aeaefb59b697463c95
H3,W3088995414,"Delayed luminescence has typically described a process in plants with an established “photosystem,” but research has shown that other organisms also produce delayed luminescence (Scordino et al., 2014).",support,not_about_claim,low,,8e505488cfef0c1613dc7bfcbce22e992cf83532
H3,W3088995414,"Diﬀ erentiating the eﬀ ects bioﬁ eld therapy triggers in a subject, whether it is BE or delayed luminescence, is evidence for bioﬁ eld therapy’s mechanism.",support,not_about_claim,low,,94ed3038a93b7fbbef78ed64bc9fe34ddc8b18fe
H3,W3088995414,"We use “photon emission” primarily when it is unclear which mechanism is being demonstrated, BE or delayed luminescence.",support,not_about_claim,high,,02f22df19b9bdb6a0b24b44b18e66eee4bfccae4
H3,W3088995414,Research has demonstrated that collagen tissue displays delayed luminescence when stimulated with a light source (M.,support,not_about_claim,low,,19e949184cfd172ea84f4640db044282bb22c58e
H2,W3088995414,Biophoton emission: New evidence for coherence and DNA as source.,support,discuss,low,,d298068d84d5c8fc7d6c56dda4eec25203557df1
H7,W3082762916,"We show, based on detailed theoretical modelling, that myelinated axons could serve as good optical waveguides in the brain, which can answer this question in the afﬁrmative.",support,support,high,partial,46b6aa5e3559076a91da33da17cfe7e8123baf84
H7,W3082762916,"There is indirect experimental evidence to support this hypothesis, and we propose precise experiments to test the waveguide capabilities directly.",support,support,low,partial,8e182d67b616ca0ac8250463e677c88795f26710
H7,W3082762916,There is some indirect evidence of light guidance in myelinated axons.,support,support,low,partial,33c7e7deb5a0707e8777d4f64353ff065da00df9
H7,W3082762916,"Here we show, based on detailed theoretical modeling, that myelinated axons could serve as photonic waveguides, taking into account realistic optical imperfections.",support,support,high,partial,71663921d32f36fe9ad5bc4478fe9373726821cf
H6,W3082762916,"Here we propose myelinated axons as potential biophoton waveguides in the brain, and we support this hypothesis with detailed theoretical modeling.",support,discuss,high,,ef46da640bcf89a93649a073e619d406af6798f5
H7,W3082762916,"Here we propose myelinated axons as potential biophoton waveguides in the brain, and we support this hypothesis with detailed theoretical modeling.",support,support,high,partial,f54613b99734570f48c8c2f101b91db6e36ffe8c
H7,W3082762916,We show in the next section that the answer seems to be in the afﬁrmative. 77 3.3 Results 3.3.1 Introduction to our approach We use Lumerical’s software packages FDTD (Finite Difference Time Domain) Solutions and MODE Solutions for numerically solving the three dimensional electromagnetic ﬁeld equations in various scenarios to elucidate the waveguiding characteristics of myelinated axons.,support,support,low,partial,9d7b0e27279ef06346e730a506a2dc6a7d26fbfa
H7,W3082762916,"From a quantum perspective, it is known that the behavior of even moderate numbers of qubits (e.g. one hundred) is impossible to simulate efﬁciently with classical computers [277]. 3.3.11 Proposals to test the hypothesis There is some indirect evidence of light guidance in axons [255, 137, 159, 160].",support,support,low,partial,b9d575768f0d7a0f0f6a9f29ef467f7efdbee633
H7,W3082762916,We showed that myelinated axons can serve as good waveguides [245].,support,support,high,partial,2eaf0005bcf39f1ba35ee3c44a62144243bf3d1c
H7,W3082762916,"There is indirect evidence of such light guidance, for example in experiments where light trans- 123 mission along the white matter tracts in the brain and the spinal cord (primarily composed of myelinated axons) has been found to be higher than in other directions or in unmyelinated areas [159, 160].",support,support,high,partial,b96f4e2bdcfc045e1914b7e80bed983ccc262361
H6,W3082762916,Biophotons as neural communication signals demonstrated by in situ biophoton autography.,support,discuss,low,,d27b653b5e86dc86d3f7e6a88982a3a62d157e92
H7,W3082762916,Proposal and proof-of-principle demonstration of non-destructive detection of photonic qubits using a Tm:LiNbO3 waveguide.,support,not_about_claim,high,,70ade052cf0fc9c708a2a407af29d272d233e691
H10,W3126633728,"One also finds that L = (πhc/6kB)n2 /T , with T the temperature and kB the Boltzmann constant, which shows that more extended coherent domains, i.e. lar­ ger L consequent to RR practice, leads to temperature decrease, in agreement with measurements reported in previous observations ( Dal Lin, Marinova, et al. 2018).",support,support,low,topical_only,b24350410d9e8eaf7fd32fe7bef05b989ec55213
H7,W3002154907,This exam- ple demonstrates the capabilities of light guidance in optical fibres that are pushed to their physical limits.,support,not_about_claim,high,,11608ade30593328b9312370d753e0bdda9624dc
H6,W4249634414,"Nature Communications. https://doi.org/10.1038/s41467-018- 04639-1 Sun Y[an], Chao Wang, & Jiapei Dai (2010, Jan). “Biophotons as neural communication signals demonstrated by in situ bio- photon autography”.",support,discuss,low,,7381fbf5743f17834b4e55705f4cd1a03f1fa976
H8,W3035757108,UPE imaging of the facial skin of volunteers revealed regional variations in oxidative stress.,support,support,high,partial,2b97d4aa688e754105f8d709fbfe1f50f28fc529
H8,W3035757108,"In conclusion, UPE imaging of facial skin revealed regional variations of oxidative stress and site-specific increases in oxidative stress with age.",support,support,high,partial,3e400489a4495161409fd06dec0ef8533bca79ae
H8,W3111078497,Another study demonstrated a difference in the spectral patterns of UPE from the body surface between human breast cancer-bearing nude mice and healthy control ­mice26.,support,support,high,partial,8ac82744fcd3333bf24f23d9eb3cad0bbfe002a2
H11,W3111078497,These stud- ies demonstrate that spectral analysis is an essential component of UPE research.,support,discuss,high,,cbede3eba0516f6b028f7dae65e3096bd93e2470
H11,W3041755811,"In this new research area, studies showed UPE to be brighter during the metabolic transition (Tilbury, 1990, 1992), while spectrum analysis revealed that this brighter emission occurred mainly in the spectral band from 450 to 600 nm.",support,support,high,partial,cd82ca75a487bd8fad7698fbe4cc61ba6f556b62
H11,W3041755811,"Spectral analysis studies showed that the observed brightness was dominated by a band around 600 nm (Quickenden and Tilbury, 1983, 1991), which served as an indication that lipid peroxidation reactions were involved in UPE.",support,support,high,partial,a7703204f3bce326aa7f7c0235893fbad3ce5f5d
H6,W4206058487,(2010) Theoretical and Experimental Evidence of Macroscopic Entanglement between Human Brain Activity and Photon Emissions: Implications for Quantum Consciousness and Future Applications.,support,discuss,low,,ed4ec9660a777a16b678f59a9a1d18f3dac253ad
H7,W3204646781,"To date, the high-power QCLs, operating in the frequency range of 1.0 to 6.0 THz, were demonstrated, with a few-W output power in pulsed mode and up to hundreds of mW in CW.115–117 In Ref. 118, Li et al. proposed a surface-plasmon waveguide embedded with an active region featuring a bound-to-continuum transition, based on which a THz QCL with the peak- pulsed output power of >1 W from the single facet at 3.4 THz was demonstrated.",support,not_about_claim,high,,4822d36567071bf8293084cc1973dc1f2757e4fd
H8,W3166332106,"ASSIMILATION OF SOMATIC TEMPORAL AND SPATIAL PATTERNS OF BIOPHOTON EMISSION In the following sections, we demonstrate how the temporal and spatial patterns of biophoton emission measured on the surface of the spherical domain can be modulated by modulating the photo-genesis to reveal some global or somatic patterns that have been shown to be associated with the activities of intelligent beings including human and rodent models of human disease.",support,support,low,topical_only,982098182169849a3edca4b696e4b853912fa186
H6,W3138716404,Biophotons as neural communication signals demonstrated by in situ biophoton autography.,support,discuss,low,,a936bf53a8adff6e3e0d0870fbb1f355c966d6ae
H6,W3200731706,"This work is licensed under the Creative Commons Attribution-NonCommercial International License (CC BY-NC 4.0). http://creativecommons.org/licenses/by-nc/4.0/ ABSTRACT In recent years, studies have demonstrated that biophoton is a medium for the transmission and processing of neural information.",support,support,high,topical_only,c2288d33c401f98721e7fe87bdf2e6ce0334bd44
H6,W3200731706,"By using different techniques, including the UBIS, we have demonstrated that the biophotonic activi- ty can be transmitted along neural circuits and is associated with higher brain functions [7-15]; however, such findings based on the studies on in vitro brain tissues have not been further validated at the in vivo level, mainly due to the limitation of technology.",support,support,high,partial,1d1a8d2765ab37b3c69c3d1fbcb625885a9083b9
H6,W3200731706,(2011) Biophotons as Neural Communication Signals Demonstrated by in Situ Biophoton Autography.,support,discuss,low,,f6f7bf57474a302dddd46ee1444a6b482627d0fb
H6,W3213159135,"There is evidence that communication by biophotons flows preferentially (but not exclusively) along the many known axon pathways of the brain, pathways that link large numbers of neurons together over considerable distances (Figure 1; Grass et al., 2004; Tang and Dai, 2014).",support,support,high,partial,ee3d28a96689a9ccb166e2a4985f7b66416145a8
H6,W3213159135,"In conclusion, there is a still-growing body of evidence that neurons self-generate light across a range of wavelengths, from ultraviolet to red and near infrared; and that this light, referred to as biophotons, has during evolution become a means of communication between neurons, informing each other on their different states of activity and homeostasis.",support,support,high,topical_only,42e5babbaadb934ba218645248922cf80a1414b2
H8,W3170639556,"ASSIMILATION OF SOMATIC TEMPORAL AND SPATIAL PATTERNS OF BIOPHOTON EMISSION In the following sections, we demonstrate how the temporal and spatial patterns of biophoton emission measured on the surface of the spherical domain can be modulated by modulating the photo-genesis to reveal some global or somatic patterns that have been shown to be associated with the activities of intelligent beings including human and rodent models of human disease.",support,support,low,topical_only,109b2e95baf00bb50f90147ecadfcc936f962b4d
H9,W3192490100,"As opposed to healthy plants, the abaxial side of leaves of the infested plants (Fig. 1B) showed a more intense UPE than those arising from the adax- ial side of the leaves thereby reflecting the infestation habit of T. urtica (as it feeds mainly on the abaxial side of the plant that it attacks) Furthermore, the infestation habit of T. urticae was “visually” revealed, since the abaxial side of the leaf in Fig. 1B showed a more intense UPE (110–127 cps), than those arising from the adaxial side of the leaves.",support,support,high,partial,942940d4c4dd4ad5886930561802d760ac22d422
H2,W3174921048,"There is evidence that bio-photon emission from plant leaves is coherent (Bajpai, 1999) and that both DNA (Popp et al., 1984) and cell membrane (Dotta et al., 2011) can act as a source of bio-photons.",support,support,high,partial,6d937b09fe18b50bbaf55ce1a9d8cf7e622bbe3b
H9,W3174921048,"There is evidence that bio-photon emission from plant leaves is coherent (Bajpai, 1999) and that both DNA (Popp et al., 1984) and cell membrane (Dotta et al., 2011) can act as a source of bio-photons.",support,not_about_claim,high,,c59f91a59befffe0072bda429c919bec974b3b24
H6,W3174921048,"There is also evidence that bio- photon emission correlates with neural activity (Rahnama et al., 2011), that bio-photon emission correlates with EEG (Sun et al., 2010) and ﬁndings suggesting that bio-photons could act as neural communication signals (Persinger et al., 2013).",support,support,high,partial,a04222a801962917c94da418a3b57f3d06d8fd0d
H6,W3174921048,Biophotons as neural communication signals demonstrated by in situ biophoton autography.,support,discuss,low,,56ce1608c5671ed6025d898d2877cdf560ecbeac
H10,W3189634070,"In this section, the authors draw the conclusion, that coherent frequencies promote quantum entanglement (Fröhlich 1968 (60)) on the intra- and extracellular levels and in this way support the development of larger coherent domains (Bischof, Del Giudice 2013 (61)).",support,discuss,low,,973f01e5bf3c8f0ce9d0cb68f1d527167009445c
H9,W3136888598,"Moreover, the expression of the bacterial bioluminescent system was found to be toxic to the plant.115 Since the recent discovery of the fully genetically encoded bioluminesce pathway of fungal bioluminescence in 2018,126 this year two diﬀerent groups reported successfully creating genetically modified plants with the fungal bioluminescence pathway genetically encoded into them, making them autoluminescent.128,382 This opens up a new avenue for BLI in plant research as it has moved BLI in plants from the laboratory Petri-dish to more real life examples grown in soil.",support,not_about_claim,high,,a7933881e547d214e68d4a774d778a156f53e450
H6,W3128504206,"The presence of photons during neural activity was experimentally demonstrated by optical ­detection11 and more recently by a technique of in situ biophoton autography, based on the principle that ionic ­Ag+ in solu- tion precipitates as insoluble Ag granules when exposed to ­light12.",support,support,high,partial,c9824b4fe7471b1a2e6d51c1e2ee646eaefd71ab
H7,W3128504206,"They showed a clear confinement effect for the energy flux of transmitting electromagnetic waves inside a dielectric tube, strongly supporting the model of soft material waveguide.",support,support,high,partial,869da16be5c1269993d37e777ffcc20ecf38fbd3
H7,W3128504206,"Beyond the evidence of the role of photons in different forms of cellular ­communication22, the hypothesis that light may play some role in neurotransmission has been corroborated by the possibility that the myelin sheath behaves like a waveguide, whereas the origin of photons is ­controversial8,13.",support,discuss,low,,098420b1d5c459c525ddf9e824c85708c706d92b
H7,W3128504206,"The model of electromag- netic radiation coming from the node we recently ­proposed19 and that one concerning the optical transmission through a myelin waveguide, previously described by Kumar and other ­authors13–16,19, are consistent with each other and with our experimental results and can be considered as a more comprehensive model, describing the whole sequence of generation and transmission of photons, in the node and through the myelin respectively.",support,support,high,partial,cfbb9df8ef5fb571a561ecead101364a7217cfcd
H6,W3128504206,Biophotons as neural communication signals demonstrated by in situ biophoton autography.,support,discuss,low,,7c9b4d7a5c4f830cafa0d9ca77879d3f164e54f7
H9,W3126963047,"Since Gurwitsch discovered UPE a century ago, numerous experimental studies have been published confirming the emission of biophotons from multiple cell types, either prokaryotic or eukaryotic (plant, fungi or animal) [2, 5, 13-16].",support,not_about_claim,high,,37f0ec5d987c42b2c7af4bdf63484dd5702623f1
H12,W3126963047,"The results supported the hypothesis that the human UPE can be influenced by meditation, because a significant decrease in UPE was observed during meditation (Table 1).",support,support,high,partial,36578a658f9430043e8d9e24910176285c9a0a4d
H6,W3126963047,"Dotta et al. [65] first showed that during brief intervals, when volunteers (n = 8) sat in a dark room and imagined white light, there was a repeatable, reliable and very statistically significant increase in the UPE from the right brain hemisphere while there was no change in the left hemisphere (Table 1).",support,support,high,partial,44dbb658aa44e4e1a9c97a4ee54f0fa294841707
H5,W4205273697,All these works demonstrate the algorithmic compu- tational capability of ML to contribute and improve the current state of the art of DSP in optical communications.,support,not_about_claim,high,,1f72de2d18570e18fa5d518bdb957ea0f573899f
H5,W4205273697,"This work showed that optical topologies that suffer from signiﬁcant noise and have a very low weighing resolution, can still deliver performance very close to full-resolution weighting elements. 3.6 Photonic neuromorphic systems for data recovery In Section 2, different DSP approaches that apply in optical communication systems to mitigate linear and nonlinear effects were presented.",support,not_about_claim,high,,4897ab4bafc07a7355f84f5a8fe93ef4491c1763
H5,W4205273697,"Bülow, “Experimental demonstration of optical signal detection using nonlinear Fourier transform,” J.",support,not_about_claim,high,,bd991c45969701735be2a4d0af21db8fdb456bb1
H6,W4226503517,(2010) Theoretical and Experimental Evidence of Macroscopic Entanglement between Human Brain Activity and Photon Emissions: Implications for Quantum Consciousness and Future Applications.,support,discuss,low,,6f325c18141401a3dadb7b73ed2381b9a4315962
H10,W4224312768,"Tuszynski 1,3 1DIMEAS, Politecnico di Torino, Torino, Italy, 2CREOL, The College of Optics and Photonics, University of Central Florida, Orlando, FL, United States, 3Department of Physics, University of Alberta, Edmonton, AB, Canada The existence of an exclusion zone in which particles of a colloidal suspension in water are repelled from hydrophilic surfaces has been experimentally demonstrated in numerous studies, especially in the case of Naﬁon surfaces.",support,support,high,partial,60a379eec0d8dc7caa2475aba9d5f314dfaccd99
H10,W4224312768,"In addition, experiments showed that EZ water is negatively charged, exhibiting a local electrostatic potential of about −200 mV.",support,support,high,partial,ce309b03eff77cd4c0b7d6f07f0b57ddab28eca9
H10,W4224312768,"Among subcellular structures microtubules (MTs) represent excellent candidates for demonstrating effects of EZ water due to the fact that they form large negatively charged surfaces from which smaller molecules, such as other proteins and ions in the cytoplasm, are excluded.",support,discuss,high,,d195751e1ac0f15a69e5a2195422987e73a7a4b9
H10,W4224312768,"This technique was already used to detect EZ water (Renati et al., 2019) and demonstrated that electromagnetic radiation changes the molecular network of water (Muncan and Tsenkova, 2019).",support,support,high,partial,55950fda901d891a31308cab26b25758a7c0ea7e
H6,W4296130797,"And since many experiments have shown that ROS is an 156 important source of UPE production [37], it can be inferred that methamphetamine 157 consumption, by increasing ROS, produces excess UPE in the brain, which is observed 158 in this study as well.",support,support,low,partial,7ebffde0fae830d5ff730e9f85dbf55a999fd0b0
H4,W4296130797,"Blue ball is nitrogen. consistent with the hypothesis of a relationship between UPE and phosphene light 188 production [43]. 189 4.0.1 A hypothesis for the action of METH at the molecular and atomic 190 level 191 Administration of METH is associated with behavioral hyperactivity and used to treat 192 attention-deficit hyperactivity disorder (ADHD), which is accompanied by production of 193 ROS [45].",support,discuss,low,,467c96d567107c1dc5572fa0cef41eb9e2e00e67
H2,W4285114842,"It has been be- lieved that biophoton, being a coherent electromagnetic field inside the cells, may be the base of cell-to-cell communication [22], which has been demonstrated in plants, bacteria and certain animal cells [23-24].",support,discuss,high,,b6bf797d0045b7255f737af8dd72358fd9992c50
H10,W4313191521,"For the water enclosed within a cavity, as happens in MTs, it has been shown that cavity wall is able to decrease the impact of thermal fluctuations so making the interfacial water substantially thermally isolated and then much more coherent than bulk water [71] [87] [88].",support,support,low,partial,e391248287429e7e57961d3ae4c5aafd837634be
H2,W4283210251,Biophoton emission: New evidence for coherence and DNA as source.,support,discuss,low,,1be853001bef2dababa605c7431e325402bee866
H7,W3196307655,Such a method has experimentally been demonstrated for recon- structing the photon-number parity of heralded single photons generated via PDC emission from a semiconductor waveguide [154].,support,not_about_claim,high,,504cd0b3677a5cc61ad51722c92c0cfd4580cfdb
H5,W4284708922,"We demonstrate the robustness of various geometries of biohybrid mechanoluminescent devices, as well as potential applications such as visualizing external mechanical perturbations, deformation-induced illumination, and optical signaling in a dark environment.",support,not_about_claim,high,,71a7e48de33734d90de7d300a88c54be637fc049
H5,W4284708922,"In this section, we demonstrate that by triggering different actuation modes of the soft actuator/robot, diverse mechanoluminescent patterns can be displayed for potential optical signaling in the dark.",support,not_about_claim,high,,a20868049e78c8a8a9868affc113e59bb75a242d
H5,W4284708922,"We also demonstrated potential applications of these mechanoluminescent devices for soft robotics such as visualizing external mechanical perturbations, illuminating the surroundings, and optical signaling in the dark environment.",support,not_about_claim,high,,61645410283b589439f6fcf709f0362010ab5cbd
H3,W4293198601,"The dynamic curves of group I, II, III revealed the DL relaxation trends of cell treated with 0 mmol/l, 1 mmol/l, and 2 and 3 mmol/l H2O2, respectively. * p < 0.05 represented a significant difference. 83 Delayed luminescence detecting oxidative stress H2O2 and gradually get saturated.",support,support,high,partial,c2abc34bb1c82744ecf7346ff4d86b6416580b5d
H3,W4293198601,"Farthermore, correlation analysis showed that ROS production was highly correlated 85 Delayed luminescence detecting oxidative stress with I0 (Fig. 4), indicating that cells with high oxidative stress emitted more DL and the dynamic curve changed more.",support,support,high,partial,32ee4a0110f562f13cdbd7c173e7a9248f0902e3
H9,W4286631877,"These authors showed that a healthy plant emits DF considerably more intensively, than a stressed one as opposed to the phenomenon of UPE; when the photon-emission is a sign of the presence of stressors, and thus stressed plants emit photons more intensively than non-stressed ones (Hennecke and Brüx, 2012; Jócsák et al., 2020).",support,support,high,partial,d58b7816c35c7a020d0232c4952ec1de9a7f9e93
H6,W4288077402,"Our suggestion of an arousal-dependent eﬀect of photobiomodulation is not inconsistent with recent ﬁndings that photobiomodulation inﬂuences cell function Frontiers in Neuroscience 08 frontiersin.org Moro et al. 10.3389/fnins.2022.942536 FIGURE 5 Schematic diagram showing the suspected patterns of biophoton emissions – the endogenous light from cells – in neurones (A) and the glymphatic system (B) in both health (A’,B’) and disease (A"",B"").",refute,discuss,low,,8c18c820348e72ec83de675d7db962c6b176e716
H6,W4288077402,Photobiomodulation may have less of an effect on neurones during sleep [(D); represented by thin processes and few biophoton shapes] and on the glymphatics during wakefulness [(C); represented by thin processes and few biophoton shapes]. the evidence for this form of communication has developed further and has been referred to as biophotons.,support,discuss,low,,19ca6e51a5d5d529920b5c3cfe63e9749dcba142
H6,W4308920644,"Recently, experimental and theoretical evidence has shown that ­biophotons6 may play an effective role in the transmission and processing of neural signals and help to understand the high performance of the nervous ­system7.",support,support,high,topical_only,427033ba803ae43a46d23036316bb99a0ceb2fce
H4,W4308920644,Much evidence confirms that mitochondrial oxidative metabolism is the primary source of biophoton production in ­neurons8.,support,support,high,partial,e98f62076ad6db4d9b04630a6a7d4c5029f236c3
H6,W4308920644,Much evidence confirms that mitochondrial oxidative metabolism is the primary source of biophoton production in ­neurons8.,support,not_about_claim,low,,d40302e313a9a4cc868cc56ceb9d9eefa44fd9b4
H7,W4308920644,"Distribution of the electric field of the myelinated axon while light is launched to the myelin sheath with a (a) nerve fiber with bending, and (b) nerve fiber with myelin sheath variation. 11 Vol.:(0123456789) Scientific Reports | (2022) 12:19356 | https://doi.org/10.1038/s41598-022-23580-4 www.nature.com/scientificreports/ Conclusion In this study, it has been shown that nerve fiber can act as a waveguide, and the condition of light launching to the axon or myelin sheath can determine the physical phenomenon of light transmission inside the nerve fiber.",support,support,high,partial,5b76fd2d43ac206640aa737a15f3b5abd6a62e06
H2,W4210965550,Biophoton emission: New evidence for coherence and DNA as source.,support,discuss,low,,9144f93fb04eab5b057e74e9b09a72bbae9e15c4
H10,W4312275796,"In this regard, important confirmations emerged on the spectroscopy front: the modelling of the imaginary part of the dielectric function of liquid water in the THz range, in order to match the experimental data, in addition to the partitioning over two fractions of the liquid system (the normal and the coherent one, in proportions dictated by temperature), also required the insertion of a linear term that implied the violation of the Kramers-Kronig relations within a time span of the order of magnitude precisely of the duration of the oscillation period of the coherent domains of water [114].",support,support,low,partial,3379ad1c3471684c5281493378aff7ac7c96c11a
H6,W3217353367,"In 1984 (Imaizumi et al., 1984) and 1985 (Suzuki et al., 1985), it was demonstrated experimentally that after the induction of hypoxia states in a rat brain, UPE increases.",support,support,low,partial,e941009588a403ba4befa4ad62af35d2bb530dc8
H6,W3217353367,(1995) showed that there is a correlation between the intensity of UPE and neural metabolic activity in the rat hippocampal slice.,support,support,high,partial,9e1351032f551a2a08d476e6a3277c47aca2006d
H6,W3217353367,(1997) revealed that the intensity of UPE from intact brains isolated from chick embryos was higher than the medium in which the brain was immersed.,support,discuss,low,,03548def4666ffad9888f9bc156393ba020f1ee7
H6,W3217353367,(2001) detected spontaneous UPE from cultured rat cerebellar granule neurons in the visible range and demonstrated that the UPE depends on the neuronal activity and cellular metabolism.,support,support,high,partial,284136275410582b2873277ebe6ef862778a2573
H3,W3217353367,"(2011) show-cased in vitro experimental evidence of spontaneous UPE and visible light-induced UPE (delayed luminescence) from freshly isolated rat’s whole eye, lens, vitreous humor, and retina.",support,not_about_claim,low,,01e567d4a70d7ea68ed6be745290f9768f23c3b6
H6,W3217353367,"Subsequently, in 2014 (Tang and Dai, 2014) Tang and Dai provided experimental evidence that the glutamate-induced UPE can be transmitted along the axons and in neuronal circuits in mouse.",support,support,high,partial,1a90932435fd1ad28d4b5fa43a1f31f0dbd3c5ea
H3,W3217353367,"Interestingly, it has been shown that delayed luminescence emitted from the biological samples provide valid and predictive information about the functional status of biological systems (Musumeci et al., 2005; Niggli et al., 2005, 2008).",support,support,high,partial,60463a9aaef11a601664e743605dcc4dfe7d3d6f
H7,W3217353367,"As an alternative to the lithography-based PIC, femto-second laser-written waveguides (FLWs) in SiO2 (glass) have in recent years been used to successfully implement advanced PICs (Davis et al., 1996; Marshall et al., 2009).",support,not_about_claim,high,,d0493c0eeabcfa1125764855ab3c63646815ce60
H6,W3217353367,Biophotons as neural communication signals demonstrated by in situ biophoton autography.,support,discuss,low,,4fa5e08cd5c72a02412a3629e563d636bb11ef04
H10,W4223489757,"Comparing physical properties like viscosity, surface tension, evaporation rate, refrac- tive index, and contact angle of “magnetized” water with those of EZ water showed that they are similar (Upad- hyay, 2017).",support,discuss,low,,460f235575d0ab515f4f5d447da6dba84b31f309
H2,W4296172480,"Daqing Piao SSE-PA 2021: Abstracts of Presented Papers 80 Oklahoma State University, Stillwater, OK, USA Introduction: Growing bodies of experiments have revealed that the spontaneous biophoton emission of humans shows patterns of coherence in both spatial presentation and temporal phase-variation.",support,support,high,partial,953c35c3fd76bc5a90c663338eea7bc57324c060
H10,W4295008302,The dynamics described above of rehydration with the formation of exclusion zones around cavitation events was demonstrated experimentally in artificial systems based on porous silicon [26].,support,support,low,partial,6a3c14e85cdab0bb1cef3145ee5172be1c082632
H6,W4220665114,They demonstrated the correlation between biophoton emission intensity and neuronal activities of the brain with electroencephalographic techniques and suggested that biophoton emission .,support,support,high,partial,01598510f14495f554d03a1eb404adae35099177
H6,W4220665114,The existence of these biophotons as well as the evidence that opsin molecules deep in the brain respond to light40 prompt the question of whether biophotons could serve as communication signals guided through the brain41.,support,discuss,high,,0d780bd1f225e82da20219f5f99d54c9cfdf6707
H7,W4220665114,Recent experimental evidence for light guidance by the myelin sheath supports the theoretical model45.,support,support,high,partial,57c350662561117b151834be438ebae69e3db0e6
H5,W4220665114,"Given the advantage that optical communication provides in terms of precision and speed in a technical context and the growing evidence that photons are practical carriers of information, one may wonder whether biological systems also exploit this modality.",support,discuss,high,,0d06c1de3350c3890a9d4ad3941b88254cf35c77
H6,W4220665114,"We demonstrate that even with a small proportion (a few percent) of neurons sending stochastic biophotons backward to the upstream neuron, networks with one hidden layer and photonic emission can still learn a complex task.",support,support,low,topical_only,6230cd69fa42f90fea25c7ee41e2ef274661d132
H6,W4220665114,"Discussion We have shown that backpropagation-like learning is possible with stochastic photonic feedback, inspired by the idea that axons can serve as photonic waveguides, and taking into account the stochastic nature of biophoton emission in the brain.",support,support,low,topical_only,999652a789fc8f54b667b42c16053a6e2976642e
H7,W4220665114,"Discussion We have shown that backpropagation-like learning is possible with stochastic photonic feedback, inspired by the idea that axons can serve as photonic waveguides, and taking into account the stochastic nature of biophoton emission in the brain.",support,discuss,low,,1f06c66bd39876efaf73d5ea05f69b499829e59d
H6,W4220665114,Biophotons as neural communication signals demonstrated by in situ biophoton autography.,support,discuss,low,,808a69b52828574a2fd548bf7746fd5db96624fc
H6,W4220684768,The existence of these biophotons as well as the evidence that opsin molecules deep in the brain respond to light40 prompt the question of whether biophotons could serve as communication signals guided through the brain41.,support,discuss,high,,ad0e0a7ecde1ef5c413aaa905bdfa8d6781c59b2
H7,W4220684768,Recent experimental evidence for light guidance by the myelin sheath supports the theoretical model45.,support,support,high,partial,9eb9000b034541d09c3b15fa748495fc05672701
H5,W4220684768,"Given the advantage that optical communication provides in terms of precision and speed in a technical context and the growing evidence that photons are practical carriers of information, one may wonder whether biological systems also exploit this modality.",support,discuss,high,,7f914c4e6f9d8a0b2367a1faca59dacc4aa21fb8
H6,W4220684768,"We demonstrate that even with a small proportion (a few percent) of neurons sending stochastic biophotons backward to the upstream neuron, networks with one hidden layer and photonic emission can still learn a complex task.",support,support,low,topical_only,f11db583ce3ef3dba3711e4a4b30523b8b2f271b
H6,W4220684768,"Discussion We have shown that backpropagation-like learning is possible with stochastic photonic feedback, inspired by the idea that axons can serve as photonic waveguides, and taking into account the stochastic nature of biophoton emission in the brain.",support,support,low,topical_only,a7195608da5a71c2c848bbe350518085ef12709a
H7,W4220684768,"Discussion We have shown that backpropagation-like learning is possible with stochastic photonic feedback, inspired by the idea that axons can serve as photonic waveguides, and taking into account the stochastic nature of biophoton emission in the brain.",support,discuss,low,,79f747438d98021cdcf3749c655447a77dbe1459
H6,W4220684768,Biophotons as neural communication signals demonstrated by in situ biophoton autography.,support,discuss,low,,af5d996123328a0b8b56626ceb26f0ea0d414011
H6,W4310701752,They demonstrated the correlation between biophoton emission intensity and neuronal activities of the brain with electroencephalographic techniques and suggested that biophoton emission from the brain originates from mitochondrial activities through the production of reactive oxygen ­species33.,support,support,high,partial,a554133a3c8cc71f578abde1c6aea0bfb772a7a5
H6,W4310701752,The existence of these biophotons as well as the evidence that opsin molecules deep in the brain respond to ­light40 prompt the question of whether biophotons could serve as communication signals guided through the ­brain41.,support,discuss,high,,8130568db4fe7b500d99b6626c17dd10308e3345
H7,W4310701752,Recent experimental evidence for light guidance by the myelin sheath supports the theoretical ­model45.,support,support,high,partial,5c0f7dff1f91257a17f7313018b40ae2ff27abb7
H5,W4310701752,"Given the advantage that optical communication provides in terms of precision and speed in a technical context and the growing evidence that photons are practical carriers of information, one may wonder whether biological systems also exploit this modality.",support,discuss,high,,f59b5047515ebc6947399dfc1041853ae963f511
H6,W4310701752,"To support our hypothesis, we model the backward path of information as a communication channel (see Fig. 1) The stochastically emitted biophotons update a random subset of synaptic weights in each training trial, meaning that only a percentage of the neurons transmit backward information at any given time.",support,discuss,high,,58623f5de20221224d7930288d018327a5b9a940
H6,W4310701752,"We demonstrate that even with a small proportion (a few percent) of neurons sending stochastic biophotons backward to the upstream neuron, networks with one hidden layer and photonic emission can still learn a complex task.",support,support,low,topical_only,c9aa4390e5c0f4cd9f468cf5a6b7915a4c02c383
H6,W4310701752,"Discussion We have shown that backpropagation-like learning is possible with stochastic photonic feedback, inspired by the idea that axons can serve as photonic waveguides, and taking into account the stochastic nature of biophoton emission in the brain.",support,support,low,topical_only,47b2cf578ace0fc65934f26db0ca01d8b1f6c2f7
H7,W4310701752,"Discussion We have shown that backpropagation-like learning is possible with stochastic photonic feedback, inspired by the idea that axons can serve as photonic waveguides, and taking into account the stochastic nature of biophoton emission in the brain.",support,discuss,low,,c40082802ce4ea30bdecd0d8b5a1895bfb4b46a8
H6,W4310701752,"It has been suggested that biophotons in the brain could transmit not only classical but also quantum ­information42,79,80, however, this still requires experimental confirmation.",support,discuss,high,,04a23f8d1290c677a32f206363954ad5e57cf513
H6,W4310701752,Biophotons as neural communication signals demonstrated by in situ biophoton autography.,support,discuss,low,,9571b22e9773273c028a4fd09f14d1753df59b42
H1,W4387501461,"At the same time, there is experimental evidence that such radiation carries important biological information [12,13]; for example, the radiation emitted by growing plants or organisms can increase by as much as 30% the cell division rate in similar organisms, the so-called mitogenetic effect [14–16].",support,support,high,partial,a26c8278d78d2eb1a65cbdfa5ec266cfeee75dd5
H6,W4386752905,Biophotons as neural communication signals demonstrated 230 by in situ biophoton autography.,support,discuss,low,,f4f7634f4a7956742d604c8ab352d452c44038b8
H2,W4327978309,"Our research group used honeysuckle buds and Platycodon grandiﬂorum leaves as the subjects of a preliminary study, found that the biophoton characteristics of fresh Chinese herbs at different growth stages, in different growth states, and of different species differed signiﬁcantly, and revealed three characteristic parameters, namely, counts per second (CPS) of spontaneous photon emission (SPE) in the steady state, and initial intensity (I0) and coherent time (T) of delayed luminescence (DL).",support,not_about_claim,high,,7536512f4f017f39f990058a24330fb1de835506
H3,W4327978309,"Our research group used honeysuckle buds and Platycodon grandiﬂorum leaves as the subjects of a preliminary study, found that the biophoton characteristics of fresh Chinese herbs at different growth stages, in different growth states, and of different species differed signiﬁcantly, and revealed three characteristic parameters, namely, counts per second (CPS) of spontaneous photon emission (SPE) in the steady state, and initial intensity (I0) and coherent time (T) of delayed luminescence (DL).",support,support,high,partial,a641abf62010bfda3a20bf4c01cda03beb8232a2
H9,W4327978309,"Our research group used honeysuckle buds and Platycodon grandiﬂorum leaves as the subjects of a preliminary study, found that the biophoton characteristics of fresh Chinese herbs at different growth stages, in different growth states, and of different species differed signiﬁcantly, and revealed three characteristic parameters, namely, counts per second (CPS) of spontaneous photon emission (SPE) in the steady state, and initial intensity (I0) and coherent time (T) of delayed luminescence (DL).",support,support,high,partial,c8ff97492449dc734702d87f460ba684557fee77
H9,W4327978309,"The results are also consistent with the above results, indicating the good feasibility of the biophoton method for identifying the quality states of fresh Chinese herbs. 4 Discussion The quality of Chinese herbs is the basis for ensuring their safety, efﬁcacy, and stability.",support,support,high,partial,aac1184c873ca74de859501e27415db3319f59a3
H2,W4327978309,"The biophoton based on the “coherence theory” reﬂects the complete information inside an organism as a whole and is very sensitive to weak changes in the external environment, which is consistent with the overall concept of the TCM theory (Fu et al., 2015; Zeng et al., 2016; Fan et al., 2017).",support,discuss,high,,b6ee643b81ab34a2be15dd63362393e2d0fb1836
H9,W4327978309,The results of this study also showed that there was indeed a signiﬁcant correlation between the biophoton characteristics and the quality states of fresh Chinese herbs.,support,support,high,partial,3c43f76860e96d37ec917691d8dc940c54006daa
H6,W4321242749,"(1999) showed that oxidative stress induced by hyperoxia (100% oxygen inhalation) enhanced the intensity of UPE in rat brains by approximately 130%, followed by a gradual decrease in photon emission intensity as oxygen concentrations returned to normal levels (45% oxygen inhalation).",support,support,low,partial,32e8c5a0349cfc86ce18ced8f37bd51fcab8f262
H9,W4321242749,Their results showed that the UPE intensity ratios in the abdomen and dorsum were signiﬁcantly lower in mice treated with cold herbal medicines than in normal controls.,support,not_about_claim,low,,54667ba09c6f34b0493d5bf95f35998e3bddb752
H9,W4321242749,"(Zhao et al., 2017b) on spontaneous UPE of herbal medicines also showed that UPE parameters could reﬂect the content of speciﬁc active compounds in the same herb in different growth periods.",support,support,high,partial,96ce195239ce8b3b95e13bd5cd4dc0b97c451999
H7,W4364320658,It is found that such a complex waveguide of natural origin is capable of supporting the propagation of weakly attenuated modes in the indicated ranges.,support,support,high,partial,ab6c0636e003a6ab0289570c7a4e81e06e38e6f5
H7,W4361863949,"There is already a good deal of theoretical and experimental evidence for light guidance in the myelin sheath; however, the question of how the polarization of light is transmitted remains largely unexplored.",support,support,high,partial,b4409395f9bc9d756ff22be0572e271bdd2e222e
H6,W4361863949,Their treatment to estimate transmission across inter-neuron distances demonstrated that biophoton transmission along myelinated axons is possible within realistic expectations of these optical imperfections.,support,support,low,topical_only,c4635cf0d3b124bd7483cf7de8fe78afe5b79329
H7,W4361863949,There are a number of experimental studies that support the plausibility of light guidance along myelinated axons.,support,support,high,partial,263f259ee935affefc9ded7cbed4e4df812006db
H6,W4361863949,Biophotons as neural communication signals demonstrated by in situ biophoton autography.,support,discuss,low,,46d1fb962166a3da83570164bb9c2124d8653d39
H6,W4388190699,Modern research has continued to reveal evidence of the significance of biophoton emission. 2) The mind can influence biophoton emission Research has shown that there is a correlation between the fluctuations of brain wave activity and the fluctuations in biophoton emission [85].,support,support,high,partial,c315f43af72c37c3e8af6b333d9465ee0c27d9a5
H6,W4388190699,"Since there is a correlation between neural activity and biophotons, and research has shown that biophotons can influence cells in a variety of different ways, it seems plausible that biopho- tons may be a hidden mechanism behind the influence of emotions.",support,support,low,partial,15cf3112726ee4728be4243de196feea21730393
H6,W4388190699,(2010) Biophotons as Neural Communication Signals Demonstrated by in situ Biophoton Autography.,support,discuss,high,,256870d832f34187be8d9c9a099ee04c79bc2162
H1,W4388764107,"Recent research on mitogenic radiation has revealed its diverse applications in medicine, spanning from cancer treatment, regenerative healing, and tissue repair to addressing neurodegenerative diseases, cardiovascular health, and skin conditions.",support,support,low,topical_only,715f73df8ca30b2e8567538faaf88dceb366f0fc
H6,W4388764107,Biophotons as Neural Communication Signals Demonstrated by in Situ Biophoton Autography.,support,discuss,high,,3c6a4d9d204b487c8f22660f7c647f168aa48e1a
H2,W4388764107,Biophoton Emission-New Evidence for Coherence and DNA as Source.,support,discuss,low,,3236302a8ed61e605ce2e95c557e93d74dcf7685
H5,W4386957427,Our results support the existence of non-chemical signalling between isolated mitochondria.,support,support,high,partial,69d9437c808513ccff1302b50fef29c5e4a0c2fc
H5,W4386957427,"KEYWORDS biophoton, ultraweak luminescence, bystander effect, non-chemical signalling, radicals, metabolic photon emission, ultraweak photon emission 1 Introduction In 1923, Alexander Gurwitsch, in his famous onion root experiment, demonstrated that exposure of surfaces of onion root tips divided by a quartz barrier altered the incidence of mitosis (Gurwitsch, 1923).",support,discuss,low,,baf2d4b6ffa7bd8486651ad76e7a3775b616a84e
H5,W4386957427,"In MCF10A mitochondria, there was no signiﬁcant difference in the rates of OCR change between light and dark conditions (−0.00261% ± 0.0003% vs. −0.00255% ± 0.0006, p = 0.92). 4 Discussion In this paper we present evidence that validates and extends the role of non-chemical communication in biological systems, principally photonic in nature.",support,support,high,partial,53dbf95f950cd492b3e44443aa110bdb4823493d
H2,W4389794279,"Popp FA, Nagl W, Li KH, Scholz W, Weingärtner O, Wolf R (1984) Biophoton emission: new evidence for coherence and DNA as source.",support,discuss,low,,d5362a133a1be8f1bf3bd4e3eb01a34761a216fa
H6,W4389794279,"Sun Y, Wang C, Dai J (2010) Biophotons as neural commu- nication signals demonstrated by in situ biophoton autography.",support,discuss,high,,15c0bd05878c1714632e59b300a8e1c97bb30ca7
H9,W4381950918,"Studies carried out on representatives of the plant, fungal, and animal kingdoms have also confirmed the fact that UPE changes in normal and pathological conditions in living organisms.",support,support,low,partial,38d1f81ebdfc5752283a0ff182f63ff6eed1e45b
H3,W4378977581,The phenomenon of delayed light emission from biological systems (in few seconds) following exposure to illumination was observed for the first time in green plants in 1951 [11].,support,discuss,high,,ed523c6b19eb545952bb1f5a66791d2862a3dde1
H3,W4378977581,"Contrarily, no significant differences in the pH, citric acid and maturity index were detected among the Lots. 3.2 DL measurements The ultraweak delayed photon emission (Delayed Luminescence, DL) was measured on tomato fruits following light irradiation.",refute,not_about_claim,low,,6769500253c923debe9dfaf75bb271d95471bece
H10,W4389891867,"COHERENT DOMAINS AND LIQUID WATER Several scientists from Del Guidice and his co- authors [47 - 52], Pollack et al. [11, 71, 79-82], and Ho et al. [9, 12, 83-84] have postulated and presented evidence that the concentration of CD domains in liquid water and natural water sources can increase after exposure to EMF radiation.",support,support,high,partial,1c70a04b18ec85e9719afb6c43428dc6265a74eb
H10,W4389891867,"A recent study by Sharma et al. [98] reconfirmed that strongly hydrophilic surfaces such as Nafion, ghee (clarified butter), and cellulose paper (What man filter paper) can produce EZ water in the liquid and solid state.",support,support,high,partial,3f09847ed40b43b840bf170c35f70b066a61cd6a
H10,W4389891867,These findings confirm the Exclusion Zone theory of exclusion of even hydronium ions (H3O+) from the negatively charged EZ zone.,support,support,high,partial,80a708390d8a8604b825bfa46f3513a2b440bac1
H10,W4389891867,"Their findings are direct evidence that BSW interfacial water, super coherence, and pain signals are interrelated, which will be discussed in more detail in Part 3.",support,support,low,partial,cc0df2cc407b8ed4899f3bb1e975760b7cf638fb
H10,W4390921820,Long-range interactions keep bacterial cells from liquid-solid interfaces: Evidence of a bacteria exclusion zone near Nafion surfaces and possible implications for bacterial attachment.,support,discuss,low,,6c56a6b23006d3eee7ea6639cd53184bd058c19b
H2,W4391548413,They suggest that biophoton patterns in seeds provide evidence of the emergence of quantum coherence.,support,support,low,partial,4916777bbeae7efeff2d3e0fd9e6da6703023f88
H10,W4388146441,"We believe that numerous studies should be conducted in order to confirm these theoretical predictions, but it is conceivable that such readily available “continuous bands” of possible states could be found in many more degrees of freedom on which coherent domains establish in addition to the sp3-5d oscillation, such as on ions coherent domains and not just on water molecules.",support,discuss,high,,f7abd0746783a909bd7a20527d911f2648011cf8
H6,W4324346834,"Indeed, We have previously discussed a pattern recognition 73 approach for an efficient interpretation of UPE via the output signals on a photonic interferometer chip (3). 74 Supporting this vision is the fact that various research studies have shown that there are significant UPEs 75 from neurons across the electromagnetic spectrum (1; 4).",support,support,high,topical_only,9b97a5bab7b11805274016946a619fe5e6e0bded
H3,W4324346834,It has been shown that the measurement 126 of delayed luminescence emitted from the tissues provides valid and predictive information about the 127 functional status of biological systems (23; 24).,support,support,high,partial,bf2ff889c3a8bff6372009461eaa9733ddd387fb
H6,W4324346834,A study showed that increased UPE in 325 rats’ brains is related to oxidative stress (48).,support,support,low,partial,983b50f270cc832c8b1cd1813a208a7cb9d190ed
H6,W4324346834,Evidence suggested 346 noninvasive monitoring of oxidative metabolism and oxidative damage of living tissue using UPE (51). 347 A document also showed that hypermetabolism induction in a rat’s brain leads to increased ultraweak 348 photon emission as a reflection of oxidative stress (48).,support,support,low,partial,a29251e6a2daae3b09d77090d9a32cf90252785a
H6,W4324346834,"Biophoton emissions from the brain have been suggested as a potential 445 diagnostic marker for various neurological disorders, and here we have shown that it can include AD, in 446 which detecting changes in biophoton emissions from the hippocampus could help monitor the progression 447 of AD.",support,support,low,partial,9d4b82cdf0101c5b30075e4156ef3be247fe9122
H6,W4324346834,Biophotons as neural communication signals demonstrated by in situ biophoton 532 autography.,support,discuss,high,,98deda5a51b8e203679def1b1cc851c2dcc84564
H3,W4389719258,"It has been shown that the measurement of delayed luminescence emitted from the tissues provides valid and predictive information about the functional status of biological systems (15, 16).",support,support,high,partial,92cfe0cd60bec1368a97373be6c1fc25fcb0b0f3
H6,W4389719258,A study showed that increased UPE in rats’ brains is related to oxidative stress (40).,support,support,low,partial,d095fe0a1d4f429862ce59a2c04c3acbea84f4e5
H6,W4389719258,A document also showed that hypermetabolism induction in a rat’s brain leads to increased ultraweak photon emission as a reflection of oxidative stress (40).,support,support,low,partial,4dc0b9b6ae82613693350521ab07654b314997b6
H6,W4389719258,Biophotons as neural communication signals demonstrated by in situ biophoton autography.,support,discuss,high,,a6566c631973a9ece26c98efde8f94cb1e534323
H6,W4386377286,"We found that glutamate-induced biophotonic activities and transmission present a spectral redshift feature in the human brain compared with other animals (in order of bullfrog, mouse, chicken, pig, and monkey), while a spectral blueshift characteristic were observed in the brain of aging mice (Wang et al., 2016; Chen et al., 2020).",support,support,high,partial,7617a7ba855945fbf55382f86deb7b1313a4a89a
H6,W4386377286,"It had also been demonstrated that unlike traditional techniques, the ultraweak biophoton imaging could be used to monitor delayed functional neural circuit injury in an animal model of cerebral ischemia- reperfusion (Chai et al., 2022).",support,support,high,partial,0ddf762a9389f76605922a076ed57c6492274157
H6,W4386377286,"In the present study, synaptosomes prepared from AD and VaD model animals were used to study functional changes in glutamatergic synapses and neural circuits through the biophoton imaging technology to provide new evidence for the pathogenesis of synaptic dysfunction in the development of AD and VaD. 2.",support,discuss,low,,f5673efcfb142b73283d4edff25d754ab8ad95c4
H6,W4386377286,"Discussion Our previous studies have demonstrated that biophotonic activities contribute to the neural signal transmission and play an important role in brain functions (Tang and Dai, 2014b; Esmaeilpour et al., 2020).",support,support,high,partial,11eaaa5353c7c930d049416059009f411a6901a5
H6,W4386377286,"Moreover, experimental results have shown that near infrared laser photons induce glutamate release from nerve terminals, and the quantum energy level of glutamate modulate neural biophotonic activity and transmission (Amaroli et al., 2018; Xiang et al., 2020; Han et al., 2021; Maghoul et al., 2021).",support,support,high,partial,f622656555236dc17db4319eed27e660aa193ce2
H6,W4386377286,Biophotons as neural communication signals demonstrated by in situ biophoton autography.,support,discuss,high,,dbe5aa315d5c3ed9c199df8d60e2cbfe8030d8e4
H1,W4404871602,"This claim is consistent with reports that most mitogenetic eﬀects were induced by 190–250 nm UVC UPE in the presence of light [17,30].",support,support,high,partial,05927fd3c941b5067301a7bb5c88d47c7752b8fe
H1,W4404871602,"Nevertheless, the literature supports a theory of Gurwitsch’s mitogenetic eﬀect in which biochem- ical chain reactions are triggered by multi-photon resonant excitations in receiver cells.",support,support,high,partial,7124a131c0cf834cea5a35876c9b7cd73c96330b
H5,W4404871602,"Motivated by the sheer number of reports supporting the existence of optical signaling between cells, as well as the promising biophysical implications of them, Kučera and Cifra performed a theoretical analy- sis to assess the feasibility of electromagnetic communication by pho- ton reception between cells without pronounced bioluminescent abili- ties [30].",support,discuss,high,,e6d8f9d576ff8f21bd9147eb1665ffb5dd753598
H5,W4404871602,"However, Kučera and Cifra did acknowl- edge that non-linear ampliﬁcation of the UV UPE signal could not be ruled out [30], and all of those four authors did agree upon a narrow range of circumstances under which optical communication between cells might be feasible [1] based on the following limitations: • It is not observed in full daylight. • It is not observed over long distances. • It works only as a trigger for previously prepared processes, without transferring long messages. • It must utilize a spectral range with signiﬁcantly lower background noise than UVA/visible spectra.",refute,discuss,high,,5adba754bb89b4ee77c56c913200ea40834275b8
H2,W4404871602,"Reprinted from Ref. [15]. classical information theory, they presumed to rule out practically all mechanisms of UV UPE-induced mitosis based on transmissions of con- tinuous electromagnetic waves without spectral selectivity, further re- inforcing Gurwitsch’s conclusion that UV UPE-induced mitosis results from a non-classical resonance eﬀect [14,27].",refute,support,low,partial,b5bc4b2a6c5dad615692476d770517debb4235e5
H1,W4404871602,"This re- sult demonstrates that cellular signaling by UPE is entirely plausible, even when UV-ﬁltering by window glass and ozone are neglected and the UV-spectral selectivity of the mitogenetic eﬀect is entirely ignored.",support,support,low,topical_only,affefc21b146d55f0ffa94c67a97617b0e868199
H1,W4404871602,"Although Gurwitsch proposed that mitogenetic radiation might be detected by dedicated sense receptors located on the surface of each cell [1], more recent ﬁndings have demonstrated the existence of non- chemical (electromagnetic) signaling between organelles in the ab- sence of the cell membrane.",support,support,low,topical_only,74e9a915c86a95259ed2b10f08433cc48a4f0989
H1,W4404871602,The RIRR chain reaction is thus consistent with Gurwitsch’s original ideas about a role for “secondary” mitogenetic radiation during UV UPE-induced mitosis [14]: “It was very important to consider that the process of stimulating mitosis with mitogenetic radiation is based on the chain reactions that could be triggered by a single photon.,support,support,low,topical_only,290e746c0f96f6f87d559453c63fee05a3d5fe46
H1,W4404871602,This is essentially what prompted Gurwitsch and collaborators to present the existence of mitogenetic radiation as de facto evidence for the non-equilibrium prop- erties of living matter [197].,support,discuss,high,,09e94533d140778464ef716582f8e119e7540ba3
H1,W4404871602,Experimental methods that ignored Gurwitsch’s guidelines on UPE exposure times failed to reproduce mitogenetic eﬀects when receiver cells were signiﬁcantly overexposed to UPE [1].,refute,support,low,partial,6bca89b6a502307213b944d549ac3e2648bc29d2
H1,W4404871602,Mitogenetic radiation as an evidence of nonequilibrium properties of living matter.,support,discuss,low,,31e29018577e24be6c24a55786954ede9f2c1e36
H6,W4400260683,Biophotons as neural communication signals demonstrated by in situ biophoton autography.,support,discuss,high,,e16e27822ffa61e3ff02035f8e9355370bec77fd
H1,W4403550699,(1992) Mitogenetic Radiation as an Evidence of Nonequilibrium Prop- erties of Living Matter.,support,discuss,low,,cc796515f4be099915f665b15f6a07ac625ab627
H6,W4402968575,"Moreover, the addition of silver nanoparticles, performed in the effort to enhance UPE, revealed that the effective increase of photon emission was paralleled with a signiﬁcant enhancement in neuronal differentiation, as compared to the nanoparticle-free control cells.",support,support,low,topical_only,c6306b0fd745b8866f1ebae6a8b5c204458bd98c
H6,W4402968575,"Conﬁrming this expectation, the compar- ative analysis of glutamate-induced biophotonic emissions in mouse brain slices at different ages revealed a spectral blueshift from young to old mice (28) (Fig. 2).",support,support,high,partial,c7fd1c8c5d5aaf2604b8f861610d5eb8e6178bb1
H11,W4392201483,"By utilizing chemiluminescence and high- resolution mass spectrometry analysis to characterize primary and secondary oxidation products, we demonstrate the generation of prooxidant and electrophilic lipid species.",support,not_about_claim,low,,b770b37e26d369a628aa657c428dd02e5227b512
H12,W4399338962,Results showed that Meditation may affect the emission of biophotons.,support,support,low,partial,2ea7f163ff45712e8b0d0c3fb42a77a2615f6db7
H6,W4401804275,"In agreement, it was shown that the intensity of rat brain UPE is correlated to oxidative stress which arises from electrical activity and energy metabolism (40).",support,support,high,partial,d13a4ad7d606595235a32eb986630c2d77b029e9
H6,W4401804275,"Tang et al, showed that the glutamate application on brain slices intensified biophotonic activities and this activity could be blocked by oxygen and glucose deprivation (42).",support,support,high,partial,8bffaf77980fbb54669c04a009b309cc71ae1d19
H6,W4401804275,"As biophotonic activity correlated to glutamate and brain metabolism, consistent with aforementioned evidences, we found ketamine increased the brain UPE while thiopental decreased it (Fig 1).",support,support,high,partial,0d2942dcabe78797073ef0a9e77dda009f27526b
H6,W4401804275,Biophotons as neural communication signals demonstrated by in situ biophoton autography.,support,discuss,high,,ae97e848741f1c22077d14bad2a027b801df6149
H9,W4404058843,"Apart from the technical aspects related to machine learning, the obtained results support the use of UPE and DL phenomena to estimate seed quality.",support,support,high,entails_support,3e9d7f7915f3863ae5fdee09178595aaa35bca4c
H9,W4404058843,"This is in agreement with other publications indicating that DL and UPE measurements can be used to assess seed viability9,27.",support,support,high,partial,d21b2f7847ab50ec684a7ed76f6e5376cbb6989b
H6,W4401819387,"The exact biological role of this light emission is still not clear12, but there is growing evidence that biophotons emitted by cerebral matter may act as supplementary information carriers to communicate the states of activity between neurons,13 and be part of the brain’s learning process14.",support,support,low,topical_only,cedc2487ac00bfaecf8819a784581dba2c3c3689
H6,W4401819387,"In this study, we demonstrate that electrically-driven metal-oxide memristive devices mimicking neuron’s electrochemical properties can also self release photons bearing charac- teristics similar to biophotons produced during cell’s actuation.",support,not_about_claim,high,,c6fdb6f6b7dd6b2c2975c1d3796826537a82d775
H1,W4391831883,"In the 1930s, further evidence of mitogenic radiation was provided by several groups using modiﬁed Geiger Counters (Cifra et al., 2011).",support,support,low,partial,bf0143fdb5188ca2e751602f590790260a4384d4
H1,W4391831883,"Indeed, most of these earlier studies were subject to similarly broad critiques, namely, a lack of adequate statistical analysis, failure to account for potential confounders such as volatile chemical communication, and perhaps most fundamentally, the lack of direct evidence for an electrochemical signal (and associated receptors) (Bateman, 1935), with Irving Langmuir going so far as to labelling Gurwitsch’s “mitogenic rays” as nothing more than “pathological science, driven by subjectiveness and wishful thinking” (Langmuir and Hall, 1989).",support,refute,high,partial,2f87aeb67b9c36e7e4ac0d9f6b762b5444ec0d94
H9,W4391831883,"Various stimuli have been shown to alter UPE/DL in plants; Prasad et al. demonstrated that mechanical wounding to discrete regions of the Arabidopsis plant induced high levels of UPE, a phenomena that lasted for several hours and was strictly limited to injured areas (Prasad et al., 2020).",support,support,high,partial,a60007a017468bb3986b7f1d1504b23762f52bf5
H9,W4391831883,"Additionally, these studies revealed that the degree of UPE was altered, not only by the intensity of the insult, but was dependent on the developmental stage of the plant.",support,support,high,partial,466d8916b99aad0bb4541b50eb7d280cdf4bcce8
H9,W4391831883,"In turn, this informs on seasonal patterns and would enable the plant to select the most favourable window for germination (Footitt et al., 2016). 4.2 Applications of UPE in food quality, environment and pollutants The use of UPE in food quality research was pioneered by F.Popp, who demonstrated that it was possible to distinguish between conventionally grown and supermarket tomatoes (Popp et al., 1988).",support,support,high,partial,681b074bf217e954e0063b2980e3e2beff898e21
H8,W4391831883,"UPE has been proposed as a non-invasive skin diagnostic technique since 1997, where Cohen and Popp showed that photon emission changes with biological rhythm and can reﬂect the left-right symmetry of the body, indicating that UPE is associated with human physiology (Cohen and Popp, 2003).",support,support,high,partial,0b53222ef58f1e6ba179c856eae3ce27c0398ddf
H2,W4391831883,Biophoton emission - new evidence for coherence and DNA as source.,support,discuss,low,,09f14182060d6dbadd5437ab20f8100fac1dd209
H6,W4399999494,"In an experimental study, Dotta et al. showed that biophoton emission from human brains increased when subjects imagined light in a very dark environment [33], which might support the claim that our brain adopts the language of holography.",support,support,high,partial,2ba9f7f3a19b56d18a51868c67d57761c71de2f2
H3,W4398141283,"Experimental studies have shown that Delayed Luminescence is particularly suitable in assessing the functional state of a living biological system, as it highlights structural and/or functional changes in cells induced by certain metabolic processes (Goltsev et al., 2009; Kang et al., 2008).",support,support,high,partial,51b938bcf698c98daba106e07badef7b9edd86b8
H3,W4398141283,"Moreover, the feasibility of applying Delayed Luminescence to evaluate some tomato fruit quality parameters has been already demonstrated in our recent publication, where we have highlighted differences in DL emissions related to the total soluble solid content present in tomato juice (Panebianco et al., 2023b).",support,support,high,partial,6f6cd9fc78913346352138eb19c47f05e4b05529
H9,W4398141283,"Moreover, the feasibility of applying Delayed Luminescence to evaluate some tomato fruit quality parameters has been already demonstrated in our recent publication, where we have highlighted differences in DL emissions related to the total soluble solid content present in tomato juice (Panebianco et al., 2023b).",support,support,high,partial,d164eb6b6956d2263ccec6467840b32ffce4bf13
H3,W4393280900,"At the absence of external stress causing delayed luminescence, however, organic materials may produce spontaneous ultraweak photon emission due to the residual oxygen demand.",refute,not_about_claim,high,,b6bc1a09a6de7e1b0ba37e3178810a2dfb924a07
H3,W4393280900,We demonstrate an irradiation-acquisition interleaved time-integrated imaging to acquire both the slow-decay kinetics of delayed luminescence and the steady- state ultraweak photon emission.,support,not_about_claim,low,,3394535c0e43e54eda3d73859dd2d9fe983344a9
H3,W4393280900,"In this work, we demonstrate an irradiation-acquisition interleaved time-integrated imaging to acquire both the slow-decay kinetics of delayed luminescence and the steady-state ultraweak photon emission.",support,not_about_claim,low,,92e418168144cc9e865501c1179ce85b13684667
H3,W4393280900,"Conclusions In conclusion, we have demonstrated an irradiation-acquisition interleaved time-integrated imaging to acquire both the slow-decay kinetics of delayed luminescence and the steady-state ultraweak photon emission.",support,not_about_claim,low,,9ccf61eaa845190deb0829eee66e046802301a5a
H9,W4404967714,"On the 10th day (10d) of germination, even though the photon emission count of AA C exceeded that of C original by 11.2%, still there was no significant difference between them.",refute,refute,high,partial,722f3053bc1e480c13c9ab1386e15f575e719cec
H7,W4410348518,"Finally, Sub-study 3 revealed that for stage 2 tumors, both the waveguide and direct ultrasound application showed similar efficacy.",support,not_about_claim,high,,662fcf563b48c08dc62ca6f2f24d1cc43fa7ef0f
H7,W4410348518,It was observed that using aluminum resulted in approximately a 25% reduction in acoustic pressure compared to that delivered without the waveguide.,support,not_about_claim,high,,0818a80f027655d238b3939b52ea4771c735f93c
H5,W7116696153,"However, this situation seems quite natural, because over a period of the previous three decades this laboratory had pursued the re­ search and development of highly sensitive technology for detecting, analyzing, and processing extremely weak optical signals such as those not detectable by the human eye, espe­ cially the type known as biophoton emission [21].",refute,not_about_claim,high,,db00c47313b949531733a09b1e0104b6bae7db8d
H12,W7116696153,"Measurements of biophotons emitted from the hand during Qigong and relaxation, and the infrared radiation skin surface temperature show, that although the photon intensity usually increases when tem­ perature raises under normal conditions, with the certain subjects, the increase of biophoton intensity and decrease of the skin surface temperature was observed during Qigong.",support,support,high,entails_support,ec7eb04e381382a34bc66e2231c2d82b9c44ed17
H6,W7116696153,This is all the more surprising given that other Japanese researchers have successfully studied the emission of biophotons by the brain.,support,discuss,low,,8a212987d48c26ef1c127cce2151d11c49c1057b
H6,W7116696153,"There was no significant correlation (r = 0.13, p > 0.05) between the energy of biophoton emission from the right hemisphere and the EEG power over the left prefrontal region during the intervals associated with not thinking about white light, i.e., thoughts about mundane events.",refute,refute,low,partial,040ae7fc07bb81aee6cf28f5ed9190a1d45df73e
H12,W7116696153,"It is unfortunate that authors did not indicate whether the increased level of biophoton emission was permanent (which is unlikely given the data from Persinger’s laboratory), and if it was increased before the healing session, then by what means?",refute,discuss,low,,a2cc5996895004289d638087df2692873f9d2005
H6,W7116696153,"Combining the ultraweak biophoton imaging system with the biophoton spectral analysis device, authors found that glutamate-induced biophotonic activities and transmission in the brain, which has recently been demonstrated as a novel neural signal communication mechanism, present a special red ship from animals (in order of bullfrog, mouse, chicken, pig, and monkey) to humans, even up to a near-infrared wavelength (~ 865 nm) in the human brain, in comparison from 691 nm in bullfrog to 806 nm in monkey!",support,support,high,partial,f2986b939d7826f1edb291bc037927f6ecc37b14
H11,W7116696153,"Combining the ultraweak biophoton imaging system with the biophoton spectral analysis device, authors found that glutamate-induced biophotonic activities and transmission in the brain, which has recently been demonstrated as a novel neural signal communication mechanism, present a special red ship from animals (in order of bullfrog, mouse, chicken, pig, and monkey) to humans, even up to a near-infrared wavelength (~ 865 nm) in the human brain, in comparison from 691 nm in bullfrog to 806 nm in monkey!",support,support,high,partial,f372f7d1a5bd7a8719ac2f455ac57f2aa84cb889
H6,W4408384884,"Recent studies demonstrate that synchronized biophoton emissions from suprachiasmatic neurons correlate with circadian phase shifts in retinal ganglion cells, suggesting potential information transfer beyond classical signaling (Moro et al., 2022; Sun et al., 2010).",support,support,high,partial,17e8a7a1c7fec8f3121ec307a3429d7125f00706
H6,W4408384884,Biophotons as neural communication signals demonstrated by in situ biophoton autography.,support,discuss,high,,a044144e2a9e05ae49ee28e399621e0f2179ecf9
H6,W4417010158,"Figure 1 showed the equipment setup. ll OPEN ACCESS 6 STAR Protocols 6, 104223, December 19, 2025 Protocol KEY RESOURCES TABLE STEP-BY-STEP METHOD DETAILS Data acquisition Acquisition of ultraweak photon emissions and electroencephalography data across tasks Timing: 5 min Test EEG signal quality: EEG signal quality must be tested by inspecting for electrical artifacts, iden- tifying expected brain-based signals, and evaluating responsiveness to participants’ actions in real time.",refute,not_about_claim,low,,7474143aead9361e4451c4e6c3c42526d0a1da8e
H6,W4417010158,Descriptive statistics (Panels B–D) showed that the average UPE signal intensity (mean counts) was not useful in distinguishing brain electrodes (occipital and temporal) from background electrodes.,support,refute,low,partial,e778204266bd402beba6471373b8eeb4d3be64df
H6,W4417010158,Spectral analysis (Panel E) demonstrated that UPE signals from brain electrodes had greater power in the very low frequency range (<1 Hz).,support,support,high,partial,e22fffa6be5f72d5dc847acf3f4c779624e99f3f
H6,W4417010158,"Pairwise correlation (Panel G) and mutual information (Panel I) showed that the brain UPE signals were more temporally coordinated, and they shared more informational content with each other than with background signals.",support,support,high,partial,335dd2dda40f6cbc17fc1751f3b0fa76abb35aff
H6,W4417010158,"This pattern is consistent with known brain activity flow between these regions (e.g., from O1 to T4 in EEG recordings simultaneously with UPE mea- sures from the same subjects).",support,support,high,partial,bfdd2e7f997617f5c766e2f8ceb15be12d9c7e83
H9,W4414929333,"Fully resolved UPE spectra have not been successfully acquired, limiting our understand- ing of the complete spectral characteristics associ- ated with plant responses.",support,discuss,high,,38d09ee46c9fa654112a1762fa537394503b08a3
H3,W4414929333,"To confirm the absence of delayed luminescence, total ultra-weak photon emission (TE) from the dark-adapted leaf was measured for four minutes and checked for any delayed luminescence.",refute,not_about_claim,high,,0255c5f683795467be18893fe85aed97da124e27
H11,W4414929333,"Spectral analysis of both aerobic pre-wounded and wounded leaves (Oras et al. 2018) revealed that ultraweak photon emission (UPE) predominates at wavelengths longer than 650 nm, while only minimal UPE (approxi- mately 10 cps) was detected at wavelengths shorter than 500 nm.",support,support,high,topical_only,d65081cfd5bec41b100254998e2dc3139eb73c14
H11,W4414929333,"The future of UPE research lies in the development of an inte- grated platform for personalized monitoring of health and disease (Van Wijk et al. 2006, 2008; Burgos et al. 2017; Poplova et al. 2017). 5 Conclusion Our study demonstrates the substantial advancement in UPE spectral analysis achieved by employing bandpass optical filters in Arabidopsis thaliana.",support,discuss,low,,b24e3db7816b4a4a48ffed304eebe3ad0464caf3
H6,W4408688794,"In comparison between anesthesia groups, the thiopental group had lower brain UPE than the Ketamine group (p < 0.0001). 3.2 Effects of anesthesia induction on brain oxidative and nitrosative state Results from the oxidative and nitrosative state of the isolated brain showed that ketamine significantly increased lipid peroxidation (Figure 2A) and nitrite/nitrate level (Figure 2C) as compared to the control group (p < 0.05, p < 0.0001, respectively).",support,support,high,partial,3993cb59286f5a9445512f2fe721b27108bde7c4
H6,W4408688794,"In agreement, it was shown that the intensity of rat brain UPE is correlated to oxidative stress which arises from electrical activity and energy metabolism (Kobayashi et al., 1999).",support,support,high,partial,3d1447d79b194f586406740f24fc61e351f53cff
H6,W4408688794,"Tang and Dai (2014a, 2014b), showed that the glutamate application on brain slices intensified biophotonic activities and this activity could be blocked by oxygen and glucose deprivation.",support,support,high,partial,547ee81bb716d87065f487f25585843e8f982870
H6,W4408688794,"As biophotonic activity correlated to glutamate and brain metabolism, consistent with aforementioned evidences, we found ketamine increased the brain UPE while thiopental decreased it (Figure 1).",support,support,high,partial,c161995492fd38cb1b977b46c5ce3776e29ff33f
H6,W4408688794,Biophotons as neural communication signals demonstrated by in situ biophoton autography.,support,discuss,high,,f0c5ba8a7734a6d7b196a17141a5ac5346d26505
H2,W4413258796,Biophoton emission: New evidence for coherence and DNA as source.,support,discuss,low,,2106ce995056de95bcf2d6b24c54874c2443aea9
H1,W4412007279,It was demonstrated that the ultraviolet component of mitogenetic radiation stimulates cell division [66–68].,support,support,high,partial,db5a4affe11633b853ff0a83fafe874810636cf7
H5,W4412007279,"Sci. 2025, 26, 6411 7 of 20 Another important note: experiments have shown that with an increase in the duration of exposure to DMS, its effect is enhanced [23,24,27–29], i.e., the “receiver” more effectively recognizes the “source” during long-term distant interaction.",support,support,low,partial,fa99a20bedb8310f836d7f953d05ae5c82cb2d9f
H6,W4411787001,Biophotons as neural communication signals demonstrated by in situ biophoton autography.,support,discuss,high,,5278a9994108209346f93fe13017c470dc8b2865
H6,W4415884611,Biophotons as neural communication signals demonstrated by in situ biophoton autography.,support,discuss,high,,700e0a14632f222f484e74105a419de35dfad102
H6,W4416936232,It is worth mentioning in this context that experiments have already been conducted in the brains of mice to demonstrate biophotonic activity.,support,discuss,low,,6a3ba8acfd0ead0797cb73449dbfc3dc114a965f
H6,W4411572491,This confirms the universality of the participation of biophoton mechanisms in the vital processes of brain cells.,support,support,low,topical_only,179ee113f9d550c4ec030515fea3fb6e5c06b9e9
H2,W4411572491,"It complements the existing scientific paradigm of knowledge and does not contradict it. 4.1 The first stage of the biophoton signaling concept: the formation of coherent electromagnetic energy In simplified terms, the first stage can be outlined as follows (Figure 1).",refute,discuss,high,,aaf4c7ca925aad9ea6705bc15d744209c85b245e
H6,W4411572491,"This logically fits into the existing research results on the brain’s electromagnetic activity and does not contradict the modern paradigm. 4.3.4 Participation of the PVS nervous subsystem in biophoton signaling According to the results of researchers (Bong-Han, 1962, 1963a, 1963b, 1964, 1965a, 1965b, 1965c, 1965d; Soh, 2004, 2009; Soh et al., 2011, 2013; Stefanov et al., 2013; Chikly et al., 2016), who studied the PVS, this system is in the brain.",refute,discuss,low,,902957d21e9401b22dc379dab10a61538e348df3
H2,W4411572491,"Also, the concept of biophoton signaling is consistent with the results of works that described models of excitation transmission/coherent “beating” caused by UPE along the length of the cytoskeleton with the location of tyrosine and tryptophan residues (McFadden and Al-Khalili, 2018) or involving mitochondria, mitochondrial networks and microtubules, which can act as “organic fiber optic networks” and provide high- speed communication throughout the cell (Thar and Kühl, 2004).",support,discuss,high,,28e484f01c13774b6f03094f4af2dde1c39b49b5
H7,W4408102480,"In Section 2, we show time-evolution equations using Heisenberg equations derived using the Hamiltonian of waveguide QED.",support,not_about_claim,high,,98657c616b7e5ec5673c13c08011b349bc0708ae
H10,W4415654085,Structured water at biological interfaces (also known as Exclusion Zone (EZ) water) has demonstrated un- usual behaviors such as long-range exclusion of solutes and charge separation [40].,support,support,high,topical_only,01ac7e4ae4ec9a17ec993038d6ba973571349b88
H10,W4415654085,"Experimental data obtained through ATR-IR spectroscopy, optical microscopy, and electrokinetic measurements confirm that water adjacent to hydrophilic interfaces organizes into highly ordered regions known as Exclusion Zones (EZs) or coherence domains.",support,support,low,topical_only,5c0e77f8812d4beff097f7c27f1ed4ec0c4810aa
H9,W4406075774,"A higher intensity of photon emission was observed, especially in parts located in the center, and comparatively lower inten­ sity around the periphery of the plant.",support,discuss,low,,04a7f4a9d92ed15438d6fa1f46f4036f23ab8c0d
H9,W4408461558,"Interestingly, despite examining fruits of various external colours, no significant corre- lation was found between the colour of the fruit and the time required for UPE stabilisation.",refute,refute,low,partial,59d8bc9dddec28a96cc0ad4a1e117e0ca8332264
H9,W4408461558,"The UPE intensity curves consistently show a decline, and, after 60 min, the stabilization intensity level has been reached in all the fruit types studied, confirming that this duration was required to eliminate any residual emission from prior light exposure.",support,not_about_claim,low,,276aaacae378ccef7a3e46cd5350baa0526a0bc6
H9,W4408461558,"Analysing the first graph (Figure 4, top) reveals significant variations in the induced UPE values across different light exposures among the fruit types.",support,support,low,partial,b4c504fb9d29c377013f7e1f23430ad68038db81
H9,W4408461558,"The data demonstrated that the induced UPE was consistently higher than the sponta- neous UPE across all light sources, fruit types and colours.",support,discuss,low,,b34e11d21b38db209e68b29439d3224ba8b72dfb
H8,W4416845165,"Furthermore, research in animal models have shown that UPE intensity from the body surface can significantly distinguish breast cancer-bearing mice from healthy controls, with emission levels varying in relation to tumor size [57].",support,support,high,partial,0deeb7b4d2d258f26924ed9238840ea3acc9a0bf
H9,W4411722786,"Numerous studies (25-33) demonstrate that seed germination, plant development, and food quality can be quantified and qualified using innovative techniques, such as the analysis of ultraweak photons (also known as biophotons, bioluminescence, UPE: Ultraweak Photon Emission, UPE: Ultraweak Photon Emission in French) using the latest scientific measurement tools such as luminometers or CCD (Charge Coupled Device) cameras equipped with PMTs (photomultiplier tubes).",support,support,high,partial,eb050e397b4b5f7098d30e1c88409f6e186cee23
H9,W4415423668,"Keywords : Electroculture, Biophotons, Electromagnetic Field, Luminometer, RLU. 1 INTRODUCTION Plant cells use light energy to support and order complex life processes, such as photosynthesis, where light energy captured by chlorophyll is converted into chemical energy in the form of organic matter.",support,not_about_claim,high,,891213455dbd939e4f8c7d82de0e5e2620d1442e
H9,W4415423668,"Therefore, to ensure the internal quality of the fruit, its titratable acidity, soluble solids, sugars, organic acids, lycopene content, and more recently, its biophoton level, as demonstrated in numerous studies, must be taken into account.",support,support,low,partial,823d943a1f25360001483d189b953ee8b8f7a95b
H2,W4416167530,"ISSN 2675-5459 7 CONCLUSION AND DISCUSSION Observations made using a Berthold LB9508 luminometer revealed biophoton emission from various products that had undergone a process known as ""scaling."" The measurements showed a very high level of biophoton emission from the different products and highlight a measurable effect of scalar coherence fields. 8 PERSPECTIVE These measurements indicate that scalar waves interact with the structure or energy field of the measured compounds, stabilizing, prolonging, or amplifying their capacity to emit biophotons.",support,not_about_claim,low,,afa2fbdb27f94182dc30e412a849fbc5895197cb
H2,W4416736719,"Beyond the classic criteria for potability (absence of chemical and microbiological contaminants), a growing number of studies are exploring the notion of ""biological quality"" of water, including subtle parameters such as molecular structure, redox potential, surface tension, or even the ultra-weak emission of photons — biophotons — sensitive indicators of the energy state and coherence of the environment (Popp, 1992; Van Wijk & Van Wijk, 2015).",refute,discuss,high,,43db3e169c6c7220e1e05a7ae06732481db595b6
H2,W4416736719,"ISSN 2675-5459 Several experimental studies have shown that the physico-chemical quality and energetic quality of water influences biological processes: In biophotonics, it is recognized that the ultra-weak emission of photons reflects the internal coherence of an aqueous or biological system and can serve as an indicator of energy quality or vitality (Cordeiro et al., 2017; Benfatto et al., 2023).",support,discuss,high,,cbcb434f655bd0d86ed69db92964fc21a5ecd755
H2,W4416736719,"New evidence for coherence and DNA as source (Popp et al., 2001) – Biophoton emission… This shows that ultraweak -photon emission (UPE) is linked to DNA (conformational changes modify the emission).",support,discuss,low,,19b544aaf9267f2fd3ea1a9d013cbfff485c2471
H9,W4416736719,"The findings show that spectral shifts and emission intensities vary with physiological state, supporting the idea that UPE spectra can serve as indicators of plant vitality and biochemical integrity. 5.",support,support,high,partial,3ecefd79895013c6d10e9fbec1530ca36419ea94
H11,W4416736719,"The authors analyze emission spectra and kinetics, demonstrating that UPE can reflect biological vitality and structural order in living systems. 9.",support,support,low,partial,57f404e8d50714062baddee4820359bb831d5bfd
H9,W4416736719,"Several experimental studies cited in the above reviews demonstrate practical correlations between UPE intensity and food quality parameters such as storage time, oxidation level, and germination potential.",support,support,high,partial,7625e33241b98c8e0a90a644dc5b4250c587c887
H9,W4416736719,"Several studies have shown that the intensity and temporal dynamics of photon emission (UPE/biophotons) correlate with the metabolic status of plant organs and seed germination capacity: higher UPE levels have been associated with increased metabolic activity, improved germination capacity, and/or greater physiological resilience in non-stressful environments.",support,support,high,partial,44a4f96fe979ffc6c9a9f9e794945b35d0954020
H2,W4416736719,"Although experimental demonstration of vortexing or low-frequency excitation applied to water remains limited, this work provides a conceptual framework for considering that magnetic fields or weak excitations could influence the coherent state of water. • A publication entitled “Aqueous ""Ionic Solutions Investigated by Time- Resolved Delayed Luminescence"" by Musumeci F., Grasso R., Lanzanò L., et al., published in WATER Vol. 2 Suppl. 1, 2010.",support,not_about_claim,low,,89ece355f76488b58d695607acbf98756a05678e
H3,W4416736719,"Although experimental demonstration of vortexing or low-frequency excitation applied to water remains limited, this work provides a conceptual framework for considering that magnetic fields or weak excitations could influence the coherent state of water. • A publication entitled “Aqueous ""Ionic Solutions Investigated by Time- Resolved Delayed Luminescence"" by Musumeci F., Grasso R., Lanzanò L., et al., published in WATER Vol. 2 Suppl. 1, 2010.",support,not_about_claim,high,,624e7577fa78e7cd386c7bb59010041ddc0ca5e6
H9,W4416736719,"In this study, comparative analysis of different water samples reveals a correlation between the intensity of intrinsic biophotonic radiation in the water and that subsequently measured on germinated seeds hydrated by these same samples.",support,support,low,topical_only,0cc315c89e9e7a756dc83423c4d35d0bb3823b25
H2,W4416736719,"These results support the hypothesis that biophotonic radiation is not just a by-product of metabolism, but a revealing parameter of the electrodynamic coherence and energy potential of a biological system (Popp et al., 2011; Van Wijk et al., 2014). 36 South Florida Journal of Development, Miami, v.6, n.11. p. 01-41, 2025.",support,discuss,low,,3075a6b5c05cc3e55f34906f345bcb101e15e41f
H4,W4416736719,"These results support the hypothesis that biophotonic radiation is not just a by-product of metabolism, but a revealing parameter of the electrodynamic coherence and energy potential of a biological system (Popp et al., 2011; Van Wijk et al., 2014). 36 South Florida Journal of Development, Miami, v.6, n.11. p. 01-41, 2025.",support,refute,high,partial,dedba9b65ecc69581660c29b52069f6abc3d4bdf
H9,W4416736719,B) Comprehensive review of the molecular mechanisms of UPE and applications (including agriculture and seed quality assessment); synthesis of the evidence that UPE reflects metabolism and physiological state.,support,discuss,high,,f6eaca87c870b15c30c5f781077bf683339d964f
H6,W4416736719,Biophotons as neuronal communication signals demonstrated by in situ biophoton autography https://onlinelibrary.wiley.com/doi/10.1111/j.1365-2621.1998.tb15775.x Y.,support,discuss,high,,87749ccd95ab036c03b4aa05f0aefb750a14e643
H2,W4416736811,"From a biophotonic perspective, these findings confirm that the dynamization performed by the OJADE Biophotons 369 system induces a measurable increase in photonic activity, reflecting a greater capacity of the water to store and re-emit coherent energy.",support,support,low,topical_only,9ff4b8932ddaad76413445c8932f1a0cc7e8a27c
H2,W4416736811,"Beyond the classic criteria for potability (absence of chemical and microbiological contaminants), a growing number of studies are exploring the concept of the ""biological quality"" of water, including subtle parameters such as molecular structure, redox potential, surface tension, and even the ultra-weak emission of photons—biophotons—sensitive indicators of the energy state and coherence of the environment (Popp, 1992; Van Wijk & Van Wijk, 2015). 2 South Florida Journal of Development, Miami, v.6, n.11. p. 01-18, 2025.",refute,discuss,high,,ee4e66d77a273225d1de6e28b10ebaac410cfe26
H2,W4416736811,"From this perspective, the observation of biophotons emitted by water energized by the Ojade Biophotons 369 system reveals unique characteristics: their spectrum and temporal dynamics fall within a zone of optical coherence, that is, a state where photons interact in an ordered, harmonic, and correlated manner in time and space.",support,support,low,topical_only,56109a6fbcad934c199093d474cca13c8fa5dc31
H2,W7117718612,"These measurements show high initial values (up to 346 RLU in broad spectrum), followed by a coherent decay (down to 298 RLU), demonstrating a measurable and structured persistence of the biophotonic signal.",support,support,low,topical_only,d4f5af4cc6f32bb2aabd9b7a21e543b670539797
H5,W7117718612,"These measurements show high initial values (up to 346 RLU in broad spectrum), followed by a coherent decay (down to 298 RLU), demonstrating a measurable and structured persistence of the biophotonic signal.",support,not_about_claim,low,,44197b18118a8508b1f21681ee771afc027935d2
H2,W7117718612,"Several experimental studies have shown that the physico-chemical and energy quality of water influence biological processes: In biophotonics, it is recognized that the ultra-weak emission of photons reflects the internal coherence of an aqueous or biological system and can serve as an indicator of the quality or vitality of energy (Cordeiro et al., 2017; Benfatto et al., 2023): Water quality assessment by -ultra-weak bioluminescence (Cordeiro AC et al., 2017) — PubMed ID: 29049939.",support,discuss,high,,385c087fff8afbc6b43415ffa8a467450f03c62c
H2,W7117718612,"From this perspective, water exhibiting high photonic coherence could theoretically promote a more ordered transmission of these biological light signals. • The control waters (untreated network, bottled mineral water, reverse osmosis water) show no detectable photon emissions.",refute,discuss,high,,920a1a51200fb3f663c0cf786039b6cecd158c77
H5,W7117718612,"ISSN 2675-5459 This persistence of the photonic signal confirms that it is not a transient phenomenon but a coherent internal dynamic, characteristic of a particular energy structure.",support,not_about_claim,low,,cf5ad6319f5ca47a88c240c2a7b383be8730f476
H2,W7117718612,"Link (full text): https://www.ncbi.nlm.nih.gov/pmc/articles/PMC10606557/ PMC Biophoton emission induced by heat shock (2014) — A study showing that increased oxidative stress (via heat) increases photon emission, supporting the idea of ""more ROS → more photon emissions."" PubMed Biophoton emission: New coherence evidence and DNA as a source.",support,discuss,low,,dc211e0d63134e4667234c178fd702c9afac36e2
H9,W7117718612,B) Comprehensive review of the molecular mechanisms of UPE and applications (including agriculture and seed quality assessment); synthesis of the evidence that UPE reflects metabolism and physiological state.,support,discuss,high,,19f13caa873a1b7e904d45df69319f781e94d177
H6,W7117718612,"Biophotons as neuronal communication signals demonstrated by in situ biophoton autography https://onlinelibrary.wiley.com/doi/10.1111/j.1365-2621.1998.tb15775.x Zhang X., Yang H., Li F., Zhang W., Changes in ultraweak luminescence, ATP and active oxygen levels during apricot fluorescence, J.",support,discuss,high,,de2acc2880cf2b31ab79ffe2e47a18b1d7affda7
H9,W4416135829,"Studies have successfully correlated biophoton parameters (SPE and DL) with the growth age, variety, and content of active ingredients in herbs like Platycodon grandiﬂorus (Jacq.) A.DC., Salvia miltiorrhiza Bge., and Lonicera japonica Thunb.",support,support,high,partial,6e60049810cdbb0833ea7c8e6899b0157c10e567
H8,W4417317252,"Second, and more importantly for biomarker validation, Biowell UPE measurements demonstrated clear specificity for anxiety over pain, with 6-fold stronger correlations and 37-fold greater variance explained.",support,support,high,partial,a45420fc8b126262a835ee4c8aa3f8cfecc63589
H7,W4416609065,"Liu et al. [ 136 , 137 ] revealed through infrared microspectroscopy that the myelin sheath func- tions as an infrared dielectric waveguide with energy amplifica- tion at the nodes of Ranvier, and later extended this concept using a quasi-quantum computational model to describe high-fre- quency electromagnetic propagation in myelinated fibers.",support,support,high,partial,ffd99b0e87cec412812067c92eaa363127e7f5d4
H7,W4416609065,"Zeng et al. [ 138 ] further established a multilayer electromagnetic simu- lation demonstrating that myelinated axons behave as low-loss, low-dispersion waveguides with wavelength dependence on axon geometry.",support,support,high,partial,baef47e26b9ec35ceb5f24be5dc73fe1d4e6f47a
H5,W7142220220,"Unexposed cell populations close to activated cells respond to photonic signals, demonstrating cell-to- cell biophotonic communication.",support,support,high,partial,fcdee56a6b6819056de830a982e3c53cd392ea0f
H2,W7142220220,Biophoton emission: New evidence for coherence and DNA as source.,support,discuss,low,,795809c0ccded0ded14fb69fb316f3afcf54c504
H6,W7142519026,The most methodologically rigorous investigation showed that concave reflective surroundings changed the emission of ultra-weak photons from neural stem cells and affected the patterns of differentiation.,support,support,low,topical_only,1424ac666730049c41381144000c64f3fb016cd5
H2,W7142519026,Biophoton emission: New evidence for coherence and DNA as source.,support,discuss,low,,49d83e08e46c5023e55ab528430ef4e7f0cba4c6
H2,W7122655226,This reveals the fundamental consistency between the biophoton coherence and the holism of TCM.,support,discuss,high,,6dd520800489f282e805d65d51a3c33df73e2322
H9,W7122655226,"Toxicity has been studied using methods such as serum medicinal chemistry (Huang, 2022; Zhang, 2020). 3 Quantum-based biophoton technology: an emerging platform for innovating Chinese herbal research However, the above methods are mostly based on the actual effects of the drug to confirm its medicinal properties, while, particularly for plant-derived Chinese medicines, ignoring the formation and change patterns of medicinal properties during the growth process.",support,not_about_claim,low,,994b58fa0bdd2aefec571633bd91a8686d9b83d7
H2,W7122655226,He proposed that the material basis of “qi” is the quantum of the electromagnetic radiation field and found the biophoton coherence theory consistent with TCM’s holistic view.,support,discuss,high,,bb4896a413b33cb39c0e6e8d112f2c4ef8383248
H12,W7131390579,"Correlation analysis Meditation The correlational analysis for the meditation intervention revealed strong correlations between biofield measures of UPE from the left and right hands (r = 0.56, p = <0.001, 95% CI [0.04, 0.84]) (Figure 5 for cor­ relations and Supplementary Figure 2 for p values).",support,discuss,low,,ff09fb724a0ac20a77e250d0afcf31403248e9e5
H2,W7131390579,Biophoton emission: new evidence for coherence and DNA as source.,support,discuss,low,,1e68d7f85cf9258863fe0987ef224d7afbc5c655
H6,W7163551081,"Rouleau and colleagues, reviewing evidence that the brain receives, processes, and emits electromagnetic ﬁelds and ultraweak photon emissions, argue that if any subset of brain function is explained by causal elements outside the head that impinge directly upon neural tissues, brain function cannot be fully explained by a purely productive model.",support,discuss,high,,dd3f76c7eb07614728a5697050288dce7678ae78
H2,W7163551081,"The efﬁcacy of PBM is consistent with the electromagnetic framework: if electromagnetic coherence is primary to chronic pain, therapeutic electromagnetic interventions should provide relief. 5.4 Ultra-Weak photon emission research Ultra-weak photon emission (UPE), also termed biophoton emission, refers to spontaneous photon emission from living systems (68, 80, 81).",support,discuss,high,,d05f32039a0904862e9aca6d725089bdc743179e
H2,W7163551081,We initially interpreted this ﬁnding as evidence that UPE indexes a global state of bioelectromagnetic coherence common to both pain and anxiety.,support,discuss,low,,6a563444b6989d8a370db5aaad2d4324de37f10c
H6,W7163551081,"The convergence of evidence from optical (UPE), magnetic (MEG/MCG), electrical (EEG/TCD), therapeutic (PBM, HRV biofeedback, DBS, TMS), and prospective neuroimaging domains (9) is consistent with the hypothesis that chronic primary pain may exist as a disruption of the bioelectromagnetic ﬁeld—upstream of, and causally prior to, the molecular cascades currently targeted by most interventions.",support,discuss,high,,b24b3642ff49679cc0f69d45761015d2ebab04e1
H2,W7163551081,Biophoton emission: new evidence for coherence and DNA as source.,support,discuss,low,,3bc7979c61086d214ecdb87b8dcf3767a5348fbf
H2,W7130419539,Our results suggest that observing the above features in a biophoton experiment would provide evidence of coherent parity dynamics or other quantum-coherent processes in the source.,support,discuss,high,,3e3d2493ed0fd17d48f853828e46b36fe45ee1c8
H2,W7130419539,"Looking ahead, a positive detection of any of these quantum signatures in biophoton ex- periments would mark a significant milestone, providing evidence that biological matter https://ipipublishing.org/index.php/ipil/ 35 Dissipative Majorana Spin Systems can maintain and exploit quantum coherence in photonic processes.",support,discuss,high,,42fc5bd4125c6a5e560c0c0b736152c06dd5088b
H2,W7124563474,"Thus, the UPE is closely linked: • •to mitochondrial metabolism, • •to enzymatic activity, • •to cellular redox balance. 2.3 LIMITATIONS OF THE PURELY OXIDATIVE MODEL Although robust, this model fails to account for several observations: • •non-trivial spatial correlations of photon emission, • •coherent temporal structures (oscillations, long-term correlations), • •effects of very weak external stimuli (light, weak fields).",refute,support,low,partial,119d6fd8bb199a21fa2cb6f55d057fc462d8debb
H6,W7124563474,"Several studies have shown that neuronal tissues emit detectable biophotons in vitro and in vivo, with variations correlated to metabolic and electrical activity.",support,support,high,partial,659b5d28fd19bd9dc84d2fc7f1cc53266ddbe601
H6,W7124563474,"PubMed Theoretical and physiological models of neuronal UPE Revision and perspectives (Cifra & Pospíšil, 2015) This review synthesizes experimental and theoretical evidence that: 1.",support,discuss,high,,f78325705e6200c052144f1757973e3411c65b80
H3,W7124563474,"""Delayed luminescence: a novel technique to obtain new insights into water structure"" (2012) This study demonstrates how delayed luminescence can reveal the organization of water molecules into low density (LDW) and high density (HDW) domains.",support,not_about_claim,low,,dc33303202233c148ef33cc1de21faa01c866cb1
H2,W7124563474,"Report on the Electroluminescence of Water (2003) In this report (often cited as ""Electroluminescence report of 22.12.2003""), Popp demonstrates for the first time that UV irradiation deteriorates the biophotonic quality of spring water by breaking its structural coherence.",support,not_about_claim,low,,b100edaa1e00f287120da05e02895c68af33c823
H11,W7124563474,"ISSN 2675-5459 12 SCIENTIFIC STUDIES DEMONSTRATING THAT BIOPHOTONIC ANALYSIS CAN DETECT SUBTLE CHANGES IN COMPLEX BIOLOGICAL SYSTEMS, PARTICULARLY ON BIOLOGICAL WATERS OR LIVING MATRICES 12.1 BIOPHOTONICS AS AN INDICATOR OF STRESS AND PHYSIOLOGICAL CHANGES IN PLANTS Spectral Distribution of Ultra-Weak Photon Emission as a Response to Wounding in Plants (Arabidopsis thaliana) This study shows that when plants are mechanically injured , the ultra-weak emission of photons changes significantly in intensity and spectral profile , as detected by CCD cameras and photomultiplier tubes.",support,support,low,partial,a2da1c49413272745eea3421700100b5ab7607ea
H9,W7124563474,"ISSN 2675-5459 12.6 RECENT PERSPECTIVES AND TECHNOLOGICAL ADVANCES High-Sensitivity Imaging and Modeling of Ultra-Weak Photon Emission in Plants under Stress A preprint demonstrates high-resolution UPE imaging for various plant species under stress, precisely correlating luminescence properties with the physiological state and environmental stress of the tissues. arXiv Key points: 1.",support,support,high,partial,9ef890a1f6e9d41a033db6294ee86b5e64c18963
H2,W7128597566,"From this perspective, the results of this study support the hypothesis that biophotonic radiation is not only a by-product of metabolism, but also a direct indicator of the electrodynamic coherence and overall energy potential of a biological system (Popp et al., 2011; Van Wijk et al., 2014). 7 GENERAL DISCUSSION Several exploratory studies have suggested that water, when subjected to certain energizing or electromagnetic treatments, could form metastable supramolecular coherence states.",support,discuss,low,,9d1a0197e480a220cf2958efef52d4c127ab83d3
H4,W7128597566,"From this perspective, the results of this study support the hypothesis that biophotonic radiation is not only a by-product of metabolism, but also a direct indicator of the electrodynamic coherence and overall energy potential of a biological system (Popp et al., 2011; Van Wijk et al., 2014). 7 GENERAL DISCUSSION Several exploratory studies have suggested that water, when subjected to certain energizing or electromagnetic treatments, could form metastable supramolecular coherence states.",support,refute,high,partial,d2d35ec6111117bd75ba24263cdcc0a770593df0
H9,W7128597566,"In this study, comparative analysis of different water samples reveals a correlation between the intensity of intrinsic biophotonic radiation in the water and that subsequently measured on germinated seeds hydrated by these same samples. 14 South Florida Journal of Development, Miami, v.7, n.2. p. 01-20, 2026.",support,support,low,topical_only,23cf218fbe24d2a99e02a553a594047fe4b73dd0
H2,W7128597566,"These results support the hypothesis that biophotonic radiation is not just a by-product of metabolism, but a revealing parameter of the electrodynamic coherence and energy potential of a biological system (Popp et al., 2011; Van Wijk et al., 2014). 15 South Florida Journal of Development, Miami, v.7, n.2. p. 01-20, 2026.",support,discuss,low,,f194c54cf78c81ad1b5f67ea37aed9294a21f43f
H4,W7128597566,"These results support the hypothesis that biophotonic radiation is not just a by-product of metabolism, but a revealing parameter of the electrodynamic coherence and energy potential of a biological system (Popp et al., 2011; Van Wijk et al., 2014). 15 South Florida Journal of Development, Miami, v.7, n.2. p. 01-20, 2026.",support,refute,high,partial,271ea9b8b3404dde51a32aada863812e9c4379b3
H2,W7128597566,"Link (full text): https://www.ncbi.nlm.nih.gov/pmc/articles/PMC10606557/ PMC Biophoton emission induced by heat shock (2014) — A study showing that increased oxidative stress (via heat) increases photon emission, supporting the idea of ""more ROS → more photon emissions."" PubMed Biophoton emission: New coherence evidence and DNA as a source.",support,discuss,low,,3557b9899a7bf94eb5304be0057d2ea4763ffdd9
H9,W7128597566,B) Comprehensive review of the molecular mechanisms of UPE and applications (including agriculture and seed quality assessment); synthesis of the evidence that UPE reflects metabolism and physiological state.,support,discuss,high,,83a5541d9a46b00af8f5e67e7b3e9e821726ef29
H6,W7128597566,"Biophotons as neuronal communication signals demonstrated by in situ biophoton autography https://onlinelibrary.wiley.com/doi/10.1111/j.1365-2621.1998.tb15775.x Zhang X., Yang H., Li F., Zhang W., Changes in ultraweak luminescence, ATP and active oxygen levels during apricot fluorescence, J.",support,discuss,high,,efd0d1ce26247de1b19aad5ada09bbc92bb2b67e
H9,W7154593227,B) Comprehensive review of the molecular mechanisms of UPE and applications (including agriculture and seed quality assessment); synthesis of the evidence that UPE reflects metabolism and physiological state.,support,discuss,high,,839e39e99bd953220969c6cc45a5abd751c3c098
H6,W7154593227,Biophotons as neuronal communication signals demonstrated by in situ biophoton autography https://onlinelibrary.wiley.com/doi/10.1111/j.1365- 2621.1998.tb15775.x Y.,support,discuss,high,,e9e36b34dcbe05f6dcef8424aa493eb27aa5a431
H5,W7154726723,Petkovˇsek et al. [59] successfully overcame the technical difficulty of visualizing shock waves in cavitating flows by using optical signal var­ iations induced by bubble size changes.,support,not_about_claim,high,,7e749ac4d361d953c05d6750e8b1e697e50cf0cb
H5,W7125532198,"While these findings support the plausibility of endogenous photonic signaling, extrapolation to plant-derived UPE-mediated modulation in human tissues remains speculative.",support,discuss,high,,7516e6b4078e226e2bfc08e1d05912926548dc99
H9,W7125532198,"While these findings support the plausibility of endogenous photonic signaling, extrapolation to plant-derived UPE-mediated modulation in human tissues remains speculative.",support,not_about_claim,low,,8d12f5d715a47279287d1507ef870a8f562f33ca
H1,W4389669809,"The “biological detector” (plant meristem, micro- bial or tissue culture) demonstrated higher rate of cell prolif- eration when put in optical contact with a UPE source, called “inductor.” This phenomenon was termed “mitogenetic effect” (MGE) and was soon attributed to ultraviolet UPE due to its ability to propagate only straightly in uniform media, disappear if the two interacting objects were separated with any material opaque in the UV (including glass), and preserve when they were separated with quartz, while being chemically isolated (Gurwitsch 1924a; Reiter and Gabor 1928b) (see below).",support,support,high,partial,2b8cf48f72dfdbaa581f1e1e28d66b90a43a5002
H9,W4389669809,"The “biological detector” (plant meristem, micro- bial or tissue culture) demonstrated higher rate of cell prolif- eration when put in optical contact with a UPE source, called “inductor.” This phenomenon was termed “mitogenetic effect” (MGE) and was soon attributed to ultraviolet UPE due to its ability to propagate only straightly in uniform media, disappear if the two interacting objects were separated with any material opaque in the UV (including glass), and preserve when they were separated with quartz, while being chemically isolated (Gurwitsch 1924a; Reiter and Gabor 1928b) (see below).",support,not_about_claim,low,,e84d3c6aff10da3aaef4a099d1714da62eb84909
H1,W4389669809,"Naumova 2.2.2 1923–1928 – Discovery and First Surge of Interest in MGE and MGR 2.2.2.1 The First Observation of Mitogenetic Effect on Onion Roots and the Surge of Interest in the Newly Found Phenomenon After obtaining preliminary data, indirectly supporting the existence and radiant nature of the initiation factor, Gurwitsch turned to direct experimental veriﬁcation of this hypothesis.",support,discuss,low,,c00e737c460ad9ce66bff2685d133e0dc41b6378
H1,W4389669809,"Copyright 1923, with permission from Springer Nature) 2.2.2.2 Evidence That MGE-Producing Factor Is Ultraweak Photon Emission in the UV Range; Appearance of the Term “Mitogenetic Radiation” (MGR) In subsequent experiments, the authors turned to study the nature of the factor causing MGE (Gurwitsch 1924a; Reiter and Gabor 1928b; Frank 1929).",support,support,low,partial,551aec83f576889fccd768b3d9f9cafed3c284c2
H1,W4389669809,"Straightforward propagation (Fig. 2.7), reﬂection in UV mirrors (mercury and others) (Figs. 2.9 and 2.10) and 3 – recipient (yeast on agar block) 2 – inductor (in glass capillary) 1 – Quartz plate Fig. 2.6 Physical properties of mitogenetic effect: evidence that it is produced by UPE in the UV range.",support,support,low,partial,99cb04ba7ddaa73639ae18d01079122299cf6700
H1,W4389669809,"Copyright 1929, with permission from Elsevier) A piece of onion bulb, used as inductor Holder for recipient onion root Quartz tube with isolating plugs Non-transparent screen with a slit Fig. 2.7 Physical properties of mitogenetic effect: evidence that it is produced by UPE.",support,support,low,partial,83fbda036fc21ddddaa985d94c22c480b4a3bda0
H1,W4389669809,"Copyright 1928, with permission from Springer Nature) Isolating plug Inductor Quartz plate Recipient Control Sealing grease Fig. 2.8 Physical properties of mitogenetic effect: evidence that it is produced by UPE.",support,support,low,partial,a100f560e2693707d1677693820ebc65c7502ea0
H1,W4389669809,"Much later, this skeptical attitude resulted in signiﬁcant oblivion of the fundamental works and perception of the whole area as pseudoscience. 2 Mitogenetic Rays 17 Here are the main drawbacks of biological detection of MGR: 2.2.3.3.1 Subjectiveness As the very effect was “detected” by people, visually com- paring the “MGR-stimulated” organism (culture) to the “non- irradiated” control, a lot of criticism was (rightly) focused on possible mistakes and even (unconscious) falsiﬁcation that could be made by researchers (Hollaender and Claus 1935; Bateman 1935).",refute,refute,low,partial,4ebd014ef41c8049080558eeadca38e4146a4fc8
H1,W4389669809,"Interestingly, many scientiﬁc results obtained in the “Golden age” of MGE were rediscovered with novel scien- tiﬁc methods, but mostly without reference to early MGE researchers (see below). 2.3 Epilogue: The Paradoxes of Mitogenesis The story of the mitogenetic effect is full of contradictions.",refute,support,low,partial,abd1f0156fa5c3a2f346ab80f216918b4a9f761c
H9,W4389669809,(Kobayashi et al. 1997): a UPE image from a germinating soybean root was demonstrated with a liquid-nitrogen-cooled CCD camera.,support,discuss,low,,7cad7ec00e0f39e7db7bf0a4a1dfb954f3f304c2
H11,W4389669809,"Kobayashi Fig. 7.3 Block diagram of the ﬁlter-type UPE spectral analysis system Fig. 7.4 Schematic illustration of the polychromatic spectral analysis system 7 Highly Sensitive Imaging and Spectral Analysis of UPE from Biological Systems. . . 101 7.4 Application of UPE Imaging and Spectral Analysis 7.4.1 UPE Images of Plants, Insects, Humans, and Other Mammals As a demonstration of UPE imaging by the 2D photon- counting system and the cooled CCD camera system, UPE of plants, insects, humans, and other mammals are displayed in Figs. 7.5, 7.6, 7.7, and 7.8.",support,discuss,low,,a7a072a95a5db4883bd6745c73d7313f81f7f29f
H8,W4389669809,"The UPE intensity on the face is higher than the body under the head, implying different statuses of oxidative stress of skin between areas affected by the presence and absence of chronic UV exposure (Van Wijk et al. 2006; Kobayashi et al. 2009).",refute,support,high,partial,615752d07313856cac3aed83dfb76afdd6dfb4ea
H11,W4389669809,"As demonstrated here, the polychromatic spectral analysis has superiority for the appli- cation of UPE, which accompanies temporal changes such as light-induced UPE or DL.",support,discuss,high,,aad82737079e26667e8dc38663e054e1a2e0a1f0
H3,W4389669809,"In this context, numerous exper- imental studies have shown that delayed luminescence (DL) seems to be a promising candidate for the development of a reliable and inexpensive optical biopsy system.",support,support,low,partial,0e8f8cdd73533c5378e276471b7f0e820b94924b
H1,W4389669809,"Nowadays, it is obviously impossible to ﬁnd the reasons for this strange contradiction, but we can name several important methodical differences: Fig. 20.11 Mitogenetic activity of UV from mercury arc lamp, induc- ing a cut-off onion root.",refute,discuss,low,,c4ec329bbf7942762acda195aaab5557e2027b5f
H1,W4389669809,"Notably, no MGE response was observed for longer wavelengths at simi- lar exposure times either in the dark or in the light (Eremeev 1940). 20 Mitogenetic Effect in Biological Systems 353 Table 20.8 MGE in yeast induced by isolated UV bands from hydrogen tube radiation with and without visible light background Light Darkness 289–291 5 42 ± 4.1 2 8 349–351 15 38 ± 7.8 7 8 359–361 17 45 ± 3.8 0.55 ± 2.8 12 361–363 18 -1.4 ± 2.2 5 ± Data from Eremeev (1940) MGE = (induced – control)/control, % V.Ph.",support,support,high,partial,8ef637a2177c66e48fe86977ac4f76b9a6cddd6b
H1,W4389669809,"Then, he demonstrated that UPE from the tested mitogenetically active systems is still well-detected after all these factors have been eliminated or made negligible (Barth 1937).",support,support,low,partial,80ef6e2663277c60480279793bcbee301022c6b3
H1,W4389669809,"The mitogenetic effect was observed in yeast beyond the slits, over the whole recipi- ent, due to the so-called secondary radiation effect (see Chap. 22).",support,support,high,partial,5fa7090587c284d2f9fbdd6703605ccdf4619e7f
H1,W4389669809,Further mitogenetic data were consistent with this sugges- tion.,support,support,low,topical_only,75cc466c2c2a01fa6022e4b8185ca6bd28d30eaa
H1,W4389669809,"All competent recipients of mitogenetic radiation as well as many known inductors demonstrated ability to serve as secondary emitters, for instance: .",support,support,low,partial,c34969ed7f35b3fc0ee0364240d3e4b8d7664162
H1,W4389669809,"For instance, exhaustion after long irradiation with the following recovery of luminescence, demonstrated by mitogenetic secondary inductors, seems rather ordinary among anti-Stokes lumines- cent materials.",support,discuss,low,,08076f7eed431bae797ffceb886324f9bbb25834
H6,W4389669809,"Experientia 50:963–968 Sun Y, Wang C, Dai J (2010) Biophotons as neural communication signals demonstrated by in situ biophoton autography.",support,discuss,high,,f11be2dd8b89c505e42d83a21f6cda6404d80bfa
H2,W4389669809,Some results evidence that squeezed photon states are produced also in biophoton emission (Popp 1998; Popp et al. 2002).,support,support,high,partial,b6f2f738c1730d7f676dcfd1534a454187d1e423
H1,W4389669809,"Another example of unsolved biophysics problems is Gurwitsch’s mitogenetic effect which demonstrates that cell division in one organism or plant can stimulate cell division in another (distant) one, separated from the ﬁrst by a quartz wall (Bischof 2003).",support,support,low,partial,3615823a919ad14a5e6ec000faecd4bd8dedeeb5
H9,W4389669809,"Another example of unsolved biophysics problems is Gurwitsch’s mitogenetic effect which demonstrates that cell division in one organism or plant can stimulate cell division in another (distant) one, separated from the ﬁrst by a quartz wall (Bischof 2003).",support,not_about_claim,high,,3c32d36fc556bb3e4fa91e5ef7463204b499a151
H2,W4389669809,"Charles Thomas, Springer Popp F-A (1998) in Biophotons, Chang J J, Fisch J, Popp F A (eds.) Kluwer, Netherlands Popp F-A et al (2002) Evidence of nonclassical (squeezed) light in biological systems.",support,discuss,low,,0d395ec4b4aa1ec029162d8e69fb67524c20de07
H3,W4389669809,"Copyright 1999, with permission from Elsevier) 31.2.4 Delayed Luminescence and Membrane Potential Some studies have shown that speciﬁc ions dissolved in the culture medium (Ho et al. 1998) affect the structure of the 1 cytoskeleton and the characteristics of the cytoplasmic streaming in the A.a. alga.",support,not_about_claim,high,,4657b10e8861786917ca837219dfa67e3d395ecb
H6,W7168813583,"We show that, when observed under properly dark conditions, the UPE from the head is much weaker than what is reported in certain papers on “brain UPE” from human heads.",support,refute,high,partial,bfe5d8a9f6b7c6e1d66a43aba4f4b0d063e3b3a2
H6,W7168813583,"In this work, we show that the experimental methodology and signal interpretation presented in previous studies10−12 do not adequately meet these requirements, and therefore do not provide a scientifically sound basis for attributing the reported signals to brain-derived UPE.",support,refute,high,partial,f02126716abdb8481f86b6b6f8b78b2e1f8e5dad
H6,W7168813583,"Lett. 2026, 17, 7811−7816 7813 Downloaded from http://pubs.acs.org/jpclcd/article-pdf/17/28/7811/65977074/acs.jpclett.6c01258.pdf by MONASH UNIV user on 07 August 2026 We now show that even the UPE that we recorded under properly dark conditions is highly unlikely to come from the brain.",refute,refute,high,partial,57f6a53d3e9c9e28f13d3fdd6144dba3efc5efe2
H1,W2124048524,"Since, in experiments for demonstrating the presence of mitogenetic radia- tion by putting the biological material in both glass and quartz tubes in order to show its ultraviolet nature, tubes will be rubbed clean to avoid possible absorption, the effect shown above gives a possible explanation of the positive results that have been reported in such experiments.",support,refute,high,partial,a087ce33d191be7815a3171a42f4e9c37c391a87
H1,W2124048524,The experiments with metal foil or water on the window may ex- plain why it is that some of the investigators who employed photo- electric methods for the demonstration of mitogenetic radiation found this radiation to be present while others did not.,support,refute,high,partial,e8fd74ef4d52ed8eb1a7660f10eca6fa99489431
H10,W2083775816,"This positive potential is measured directly and is also consistent with pH measurements, which show an extreme drop of pH immediately beyond the exclusion zone, often to less than pH 3.",support,support,low,topical_only,fd27597e3fac680e0094d2602526558468ef0293
H3,W2127278421,Previous works have demonstrated that the delayed luminescence of a system is correlated with its dynamic ordered structures.,support,support,low,partial,8b8cfd05513a6db538b8e9127cfc0e1e9841310f
H10,W2127278421,"Most interestingly, the exclusion zone water was found at the air–water interface and NMR measurements confirm that the layer is associated with decreased mobility (increased ordering) relative to the bulk water, while infrared imaging showed it emitted much less than bulk water, again indicative of increased order [4, 5].",support,support,high,partial,2b0c94267757947150b99ffc09ecc0e6a59bc83e
H4,W2178198859,"Through oxidative metabolism of the mitochondria exhibited by biophoton emissions, we will demonstrate the ClearView system's capability of detecting and measuring cell-to-cell communication in vivo. 1.2.",support,discuss,low,,0a0b4424e96bb0b1a728395c210f202d1174ede5
H6,W2483916403,"Combining the ultraweak biophoton imaging system (UBIS) with the biophoton spectral analysis device (BSAD), we found that glutamate-induced biophotonic activities and transmission in the brain, which has recently been demonstrated as a novel neural signal communication mechanism, present a spectral redshift from animals (in order of bullfrog, mouse, chicken, pig, and monkey) to humans, even up to a near-infrared wavelength (∼865 nm) in the human brain.",support,support,high,entails_support,a43fe6780c2f01b0574ad1145ccb3ed2d25c11b5
H11,W2483916403,"Combining the ultraweak biophoton imaging system (UBIS) with the biophoton spectral analysis device (BSAD), we found that glutamate-induced biophotonic activities and transmission in the brain, which has recently been demonstrated as a novel neural signal communication mechanism, present a spectral redshift from animals (in order of bullfrog, mouse, chicken, pig, and monkey) to humans, even up to a near-infrared wavelength (∼865 nm) in the human brain.",support,support,high,partial,9926b3fbdfb95559c97a400aad8d0bfc4a6d7646
H6,W2483916403,"A recent study has demonstrated that glutamate, the most abundant neurotransmitter in the brain, could induce biophotonic activities and transmission in neural circuits (12), suggesting that biophotons may play a key role in neural information processing and encoding and may be involved in quantum brain mechanism (11, 13–16); however, the impor- tance of biophotons in relation to animal intelligence is not clear, in particular human high intelligence, such as problem-solving and analytical abilities.",support,support,low,partial,73dcaef597af98d692512e1963a10d744c46624a
H6,W2483916403,"Here, we have provided experimental evidence that glutamate-induced biophotonic activities and transmission in brain slices present a spectral redshift feature from animals (bullfrog, mouse, chicken, pig, and monkey) to humans, which may be a key biophysical basis for explaining why human beings hold higher intelligence than that of other animals.",support,support,high,entails_support,649ea0a8c7b64f5c5fa8efee10696c36ca2403bd
H6,W2483916403,"The recent studies have demonstrated that biophotons may play a key role in neural information processing and encoding and that biophotons may be involved in quantum brain mechanism; however, the importance of biophotons in relation to animal intelligence, including that of human beings, is not clear.",support,discuss,low,,e829fc17f9708009063339f689788a3f8ed36a60
H6,W2483916403,"Here, we have provided experi- mental evidence that glutamate-induced biophotonic activities and transmission in brain slices present a spectral redshift feature from animals (bullfrog, mouse, chicken, pig, and mon- key) to humans, which may be a key biophysical basis for explaining why human beings hold higher intelligence than that of other animals.",support,support,high,entails_support,5a83a10c641fa7a0e2a0e23554f630f19c89f35b
H6,W2483916403,"(D) The representative dynamic change of biophotonic activities was demonstrated by relative GVs (RGVs) after the application of 50 mM glutamate in a mouse brain slice (blue curved line), a pig hippocampus slice (Pig-Hi) (green curved line), and a human motor cortical slice (human-Mc) [red curved line; CBBC no. 20160107; Table S2], presenting the four typical stages (initiation, maintenance, washing, and reapplication).",support,support,high,entails_support,bcd85122d178aeb76c4306b3d71f001c0b971775
H6,W2483916403,"Recent experimental results have shown that biophotons may transmit along neural fibers and in neural circuits (12), and theoretical analyses have proposed that it is possible to realize the intensity and spectral coding and quantum computation via microtubules based on the physical features of biophotons (27, 28).",support,support,low,partial,8ab69c043f0d8553875fc1870af5c66e193ee376
H6,W2794038549,We have previously demonstrated that a long-lasting application of 50 mmol/L glutamate to a mouse brain slice leads to a gradual and signiﬁcant increase in biophotonic activity and achieves the maximal effect within *90 min (initiation period) and then presents a stable state for up to several hours (maintenance period) [4].,support,support,high,entails_support,9ab6bb75bde0889e0ac983d56388664a3673b86b
H6,W2796670592,"Moreover, rats fed a tocopherol-free diet for seven months revealed higher ex vivo UPE from brain, liver and heart homogenates than animals on normal feed [4].",support,not_about_claim,low,,ebea0508ad0de5a31e2de4b873c0ba9a690d77ba
H6,W3016463384,Application of speciﬁc ﬁlters that allowed passage of photons within the visible range within a ~10 nm increment wavelength predicted by Cosic’s Molecular Resonance Recognition model showed that facilitators or inhibitors of the target reaction either increased or decreased the photon emissions.,support,not_about_claim,low,,9b916a7916170b635d89debe6171ada022157a04
H9,W3037707140,Ultra-weak photon emission and 1O2 generation in germinating soybean in response to wounding were observed using a high-sensitivity imaging system based on an intensiﬁed charge-coupled device and a highly sensitive single photon counter by Chen and co-workers [14].,support,support,high,partial,045c807095d881088acf39e034238d3acefd5b78
H1,W3157775700,"However, this interestin result was forgotten by the scientiﬁc community and mitogenetic radiation has been considered as an artifact for many years.",refute,discuss,low,,915825eeca451b68d9abae0c182b8cb77a13e44f
H6,W4220689352,"Proteomic and metabolomic analyses of supe- rior temporal gyrus and prefrontal cortex tissues from schizophrenic individuals revealed mitochondrial dysregulation, compromised brain metabolism, and oxidative stress [69,70].",support,not_about_claim,high,,a7ab17f0851d53d5d0ad553177342c2ab6862551
H9,W4214538081,"Two-way analysis of variance (ANOVA) revealed that biostimulant (p = 4.01 × 10−7) treatments, temperature (p = 9.07 × 10−8), and the interaction of the two factors (p = 2.07 × 10−5) had a signiﬁcant effect on the overall count per second values of biophoton emission, predicting more efﬁcient biostimulant utilization practices, even for seed priming purposes.",support,support,high,partial,8c5721e4064a02d58442722d3d52e5daa74a1baa
H3,W4327953914,"In addition, it has been demonstrated that the delayed luminescence (DL), a phenomenon of photo-induced, ultra-weak and prolonged in time emission of optical photons, is able to verify the origin and possible changes attributed to the presence and alterations of ordered structures [17,18].",support,support,low,partial,e0459ff3d7b37e2e31281624ac52e03b4de54454
H2,W4317042583,"New evidence for coherence and DNA as source Release of biophotons Kert & Rose 1989 [25] Low level laser therapy Clinical applications of PBM Albrecht-Buehler 1992 [26] Rudimentary form of cellular “vision” Release of biophotons Laakso et al., 1993 [27] Quality of light—is laser necessary for effective photobiostimulation?",support,discuss,low,,9c47a9c0152478eadb9aaacaa77b53c33f23de0a
H6,W4317042583,"PBM modulation of cytoskeleton Mathew et al., 2010 [33] Signalling effect of NIR pulsed lasers on axonal growth Biophoton signaling Sun et al., 2010 [34] Biophotons as neural communication signals demonstrated by in situ biophoton autography.",support,support,low,topical_only,21b5d204359670adf4f14e076ce44721f004f91b
H6,W4317042583,Biophotons as neural communication signals demonstrated by in situ biophoton autography.,support,support,low,topical_only,556ff694a0728dcffa98a4d53f683a6b02b44593
H6,W4407397928,"These results revealed that brain-derived UPE signals had a distinct temporal dynamic compared to background photon sig- nals, exhibiting greater similarity to each other than when compared to local background signals and had increased entropic content and variability.",support,support,high,partial,cfd80d3e4db3320659a033c4982dc0c481c7a46b
H6,W4407397928,These results showed that neither entropy nor CV changed across tasks within PMTs and that they only weakly distinguished between back- ground vs. brain UPE signals for some tasks.,support,refute,low,partial,bb4b82492f84e34e23a0ab3371c76603f27f32df
H6,W4407397928,"These results showed that the brain UPE signals had a distinctive frequency signature in the range 0.1–1 Hz, implying rhythmic emission patterns or bursts ranging from once every 10 s to once every second.",support,support,high,partial,e24895b6dab666609d67e8d99aacf3077af49f39
H6,W4407397928,"The results demonstrated that a stationary signal is achieved, and signiﬁcant variations across tasks were observed exclusively in brain UPE signals.",support,support,high,partial,bde69d1d001224ff293277d7c3444ab7520d42eb
H6,W4407397928,"Brain spectral power displays condition-dependent correlations with UPE measures Upon examination of the qEEG data (n = 20), we identiﬁed two (n = 2) participants with signiﬁcant electrical artifacts within their records, thus preventing spectral power density (SPD) extrac- tions across some tasks.",refute,support,low,partial,b96b82e7dcd803f4c0e300d2109fc934c968ba97
H6,W4407397928,We demonstrated that brain-derived UPE signals can be distinguished from background photon measures.,support,support,high,partial,bf0175989f3a9b18ce310b3cf1ecaf8af96ccfe3
H6,W4407397928,"All statistical statements can be found in Table S2. iScience 28, 112019, March 21, 2025 7 iScience Article ll OPEN ACCESS relationship between UPE counts and electrical oscillations in the brain, our current dataset only supported a limited analysis of their potential connection (n = 18).",support,discuss,low,,8df1589018886c2054a3794dacb5092b78ea295f
H6,W4407397928,"However, just as MEG measurements reveal femtoTesla-scale (1014 T) magnetic ﬁeld ﬂuctuations that are predictive of brain states despite microTesla-scale (106 T) ambient magnetic noise (100 million times more intense), we view the current results as a proof-of-concept demonstration that patterns of human-brain-derived UPE sig- nals can be discriminated from background light signals in darkened settings despite very low relative signal intensity.",support,support,low,partial,6f885e12d1f0cb109372fb473064be2abdab71c0
H6,W4407397928,Biophotons as neural communica- tion signals demonstrated by in situ biophoton autography.,support,support,low,topical_only,d550ac4f753f49ac4b774ca35aab4e84d196a5a7
H2,W2089541427,"Once the coherent superposition of modes of biophoton fields breaks down, one expects an increase in biophotonic emission, which was confirmed by Schamhart and Wijk [124], by examining the delayed luminescence of tumor cells as they lose their coherence and capacity for destructive interference by exhibiting exponential as opposed to hyperbolic decay [123].",support,support,high,partial,69dd1fa2c5c19f2dc853a0ae54fd3bd7499f6309
H3,W2089541427,"Once the coherent superposition of modes of biophoton fields breaks down, one expects an increase in biophotonic emission, which was confirmed by Schamhart and Wijk [124], by examining the delayed luminescence of tumor cells as they lose their coherence and capacity for destructive interference by exhibiting exponential as opposed to hyperbolic decay [123].",support,support,high,partial,e20d6dff89048276776dbe75a63e72de5449ccd4
H6,W2109840223,"Persinger MA., Lavallee CF (2010) Theoretical and experimental evidence of 139 macroscopic entanglement between human brain activity and photon emissions: implications for quantum consciousness and future applications.",support,support,low,topical_only,da3a8c2211557e0bf7d723b8341629adbc3c10c3
H1,W66681095,Historical and recent evidence for the existence of mitogenetic radiation.,support,discuss,low,,3c66f6e380de9d7794a2dc7efb428f3a9f40b4bc
H1,W66681095,Partial evidence for the existence of mitogenetic radiation.,support,discuss,low,,5179fd614b800e1cab0bcf1588fc5ba2c967e296
H6,W66681095,Biophotons as neural communication signals demonstrated by in situ biophoton autography.,support,support,low,topical_only,234dc3e112e4e20dc3ebff9bdde3b71c1bae5f8b
H10,W2050410571,"(Figure 1), in which the water dynamics are locked in two directions, shows how the cation and anion produce the polarized-oriented multilayer (PML), confirming the theory of Ling (2003) [115], the exclusion zones (EZs) of water reported by Zheng and Pollack (2003) [114, 172, 173], and the H-bond cooperativity implicit in the EIWS theory [59].",support,support,low,topical_only,d4af93f0057fe39cc58b8082969ecb012d9571fb
H1,W4245042809,"It was also demonstrated that mitogenetic radiation can not only stimulate, but also inhibit the cell growth.",support,support,high,partial,4f028d0a5df0a0a69159e3f0059373e3143db008
H11,W2049213668,"There has been a lot of evidence that the features of UPE including intensity, spectral distribution, photon count distribution, photon spatial distribution, and photon statistical properties contain and carry information about the biological systems that result in its production [7].",support,support,high,partial,88281c03dece70b60630d138f5cbc34390ff355a
H11,W2049213668,Results demonstrated that there were obvious differences in spectral distribution between healthy subjects and the patients with a cold in the visible spectrum.The455-550nm range and 550-610nm range correspond to the photon emission of the triplet excited carbonyl (3R = O*) and singlet excited pigment (1P*) transition to the ground state during radiation.,support,support,high,entails_support,6ef65262c591c96324a69dca144762869e62babf
H6,W2530944765,"It has been shown that UPE correlated with cerebral energy metabolism, cerebral blood flow (CBF), oxidative processes, and electrical activity in the rat brain in vivo (Kobayashi et al., 1999b), which implies that there can be neural activity-dependent UPE in the brain (Isojima et al., 1995).",support,support,high,partial,43e4b00ef6bf33970574acbf54801d2e7e27a861
H6,W2530944765,"The latest experiments (Tang and Dai, 2014b) revealed that the glutamate-induced biophoton intensity reflects biophoton transmission along the axons and in neural circuits.",support,support,high,partial,42233a3cdf64ce771047a9529634b52a0e040194
H6,W2530944765,"It was demonstrated that photons asso- ciated with endogenous UPE could be conducted along neural fibers (Sun et al., 2010).",support,support,high,partial,60285c4ac2a16a00497616c00990ba4517958599
H6,W2530944765,Our notion was based on the experiments of Tang and Dai (2014b) that provided evidence that the glu- tamate-induced biophoton intensity reflected biophoton transmission along the axons and in neural circuits.,support,support,high,partial,3abe4f163709118a1d9d13f910b2749b297e5562
H6,W2530944765,"The brain stem 1 This concept was based on the experiments of Tang and Dai (2014a,b) that provided evidence that the glutamate-induced UPE in- tensity reflected biophoton transmission along the axons and in neu- ral network.",support,support,high,partial,3972cb728a6c2ca6234db04a7e035b032b71a9c4
H6,W2530944765,Biophotons as neural communi- cation signals demonstrated by in situ biophoton autography.,support,support,low,topical_only,15a5a3d6e0d53fa6bf7b5415b7f25608973af1c2
H6,W2312266631,"However, recent work demonstrating a negligible level of biophotonic activity in mouse brain slices suggests that in the absence of gluta- mate treatment, neural cells emit very few biophotons during in vitro perfusion [19].",refute,discuss,low,,70ae093adc2dfe7894423d97d63f2b44f99632a1
H6,W2312266631,Biophotons as neural communication signals demonstrated by in situ biophoton autography.,support,support,low,topical_only,1ca0780d315cfdaa6d6df0e101998da8b735580d
H7,W2772089874,"For example, the study con- ducted by Alekseev on BP-4 pacemaker neuron of snail Lymnaea revealed that application of 75 GHz MMW radiation of various intensities (1.8–12.6 mW at the waveguide output) caused biphasic changes in firing rate of the neuron [72].",support,not_about_claim,high,,791fb16c8a44ab1b726c2797e4c80b75ee0d8401
H5,W4302461868,"As we will demonstrate, there is considerable evidence indicating that brains receive, ﬁlter, process, and emit EM and optical signals [16].",support,support,low,topical_only,e49999c4522db139435d0cfa8f04b0c9c76f85c0
H5,W4302461868,"If light from environ- mental sources, including other brains, can stimulate these optical signaling pathways, transmissive functions can be experimentally demonstrated. 3.3.",support,discuss,high,,a4abc9760d459d059d9f2c34b7a54cce9c471a4b
H6,W4302461868,Biophotons as neural communication signals demonstrated by in situ biophoton autography.,support,support,low,topical_only,d8b695356dc536354bab5f78bce1f2c03f890182
H1,W4378716388,"Then, in 1974, Fritz Albert Popp, a German researcher and Nobel Prize nominee in physics, re-confirmed the existence of these mitogenic rays and renamed them biophotons.",support,support,low,partial,db6e47a418b07ca34288b97a352ebdd89282d529
H8,W4384029814,"Importantly, our experimental results also showed that the UPE intensity tended to return to normal during the recovery of the body to a healthy state, i.e., the improvement of the body state could be characterized by the UPE detection.",support,support,high,partial,c818495aedd1089bfc2849061d072f0351fdbf78
H9,W4395003557,"For- mer studies have shown that with biophoton emission detection, it is possible to determine the plant stress reactions caused by Cd, herbicides and insect infestation [40–42].",support,support,high,partial,e47c8b56a9b8f2e65292c825920c6fc32b1c6e96
H8,W4412556465,"Successful imaging was achieved in mouse models of tumors, acute inflammation, and liver injury, highlighting its potential for real-time, noninvasive diagnostic applications (Figure 11C−F).74 Having reviewed the diverse chemiluminescent architectures for RONS detection, a deeper mechanistic comparison reveals clear structure−performance correlations that can guide next- generation probe design.",support,not_about_claim,low,,329b0fd5dd8e6e1ad7c36c577f445e8caa1154b1
H5,W7124764611,The differences revealed by applying the Diffusion Entropy Analysis to the biophotonic signals of Astrocytes and Glioblastoma are highlighted and discussed in the paper.,support,not_about_claim,low,,ee1b4ecfb83115d0b1fbc3b7fb0ea9a5601dc9c6
H6,W7124764611,"However, evidence that brain tissue emits UPE in non-tumour contexts supports biological plausibility [23,24].",support,discuss,low,,dfcaf51fcbc08169fa18857e3e777f5ffe0bbb93
H6,W7124764611,"Recent studies have increasingly supported the hypothesis that biophoton emission may be involved in intercellular communication, particularly in the neural and oncological contexts.",support,support,low,topical_only,bbefdfed0731ae45ebef3af832bdcc03d486f926
H6,W7124764611,"It has been demonstrated that neurons and glial cells, including astrocytes, emit spontaneous ultra-weak photon emissions that appear to be modulated by cellular activity and may propagate along neural pathways, suggesting a possible role in signal transmission within the brain [36].",support,support,high,partial,2df57196dcc71a8013f639e5a5f70ad9bdcd200d
H5,W1999929459,"The experiments thus showed that in the presence of optimal contact between two isolated 347 tissue cultures distant interaction takes place and is expressed as the repetition of the morphological features of the cytopathological process induced in one of the cultures by means of viruses or mercuric chloride, in the other intact tissue culture, or in other words, a '~irror"" CPE takes place.",support,support,high,entails_support,e6ad21e092e0ae6b339b74a22ddf4879c4193e5e
H5,W2396286367,"The experiments thus showed that in the presence of optimal contact between two isolated 347 tissue cultures distant interaction takes place and is expressed as the repetition of the morphological features of the cytopathological process induced in one of the cultures by means of viruses or mercuric chloride, in the other intact tissue culture, or in other words, a '~irror"" CPE takes place.",support,support,high,entails_support,b1b55128d01d55a8364a2975c4a79fd172770226
H1,W77239587,"Many investigations [1-3, 5, 8] have demonstrated the excep- tionally active role of exposure of biological objects to the action of single ultraviolet photons (mitogenetic radia- tion).",support,support,high,partial,3fbb646604f2670398dbae99185c83d5fe4c98fc
H1,W1969227038,"This was demonstrated, for example, with peptide polycondensation, a process of special interest since it is necessary for the preparation of cell division and is stim- ulated by mitogenetic radiation 6, 20, 22.2z Therefore, under certain conditions, mitogenetic radia- tion may play the role of a creative factor.",support,support,high,partial,acbc2058280b74721e41ee347648fb72f915baa4
H6,W2086348119,"The ﬁrst demonstration of two-dimensional in vivo imaging of ultraweak photon emission from a rat’s brain, using a highly sensitive photon counting apparatus, is reported in this paper.",support,discuss,low,,e893caca7ca1202595f29ca69ba7f6b7998a191e
H6,W2086348119,(1989) showed that triiodothyronine-induced hyperme- tabolism in a rat’s brain leads to increased ultraweak photon emission as a reﬂection of oxidative stress and suggested that ROS contributed to premature aging in these animals.,support,support,low,topical_only,e6e9b2154a98059877aae6b3aa88fad6503544d0
H6,W2086348119,"In the current paper, two-dimen- sional images of biophoton emission from a rat’s brain detected over the skull in vivo were demonstrated for the ﬁrst time; and the physiological properties of the emission associated with the metabolic activity, through simultaneous measurement of electroencephalographic (EEG) activity, are delineated.",support,support,high,partial,f1866cf12069ac02eee3aea52c7e95e8c292fdaa
H6,W2086348119,"Although emission intensities observed through the skull are ap- proximately one-half of those with the parietal bones removed, both results support the correlation between photon emission intensity and the u-wave component of the EEG power spectra, with statistical signiﬁcance (PB0.001).",support,support,high,entails_support,98d532bf6c4b3a53d56798cb3db9ee85fcf52919
H6,W2086348119,Acute intensity changes corresponding to neuronal activation even by addition of 1 mM glutamate were observed to be absent except for a gradual increase of photon emission.,support,refute,low,partial,b95b2a6bb72a840ee6135594c7c3d986072fe011
H6,W2086348119,"The present study demonstrated in vivo imaging of ultraweak photon emissions from a normal rat’s brain, using a highly sensitive photon counting imaging system equipped with a large sensitive area.",support,discuss,low,,d56062128e165e05a6b7b7dbf4825ed2c0bab1f7
H6,W2086348119,The ﬁrst demonstration of 2D-imaging of ultraweak biophoton emission from rat brain in vivo.,support,discuss,low,,a665684854245d42f4540696af547674f1681add
H6,W2160984073,"The ﬁrst demonstration of two-dimensional in vivo imaging of ultraweak photon emission from a rat’s brain, using a highly sensitive photon counting apparatus, is reported in this paper.",support,discuss,low,,f7bb84eee4f37a96fdaac8e6a76dd2a58904f4f3
H6,W2160984073,(1989) showed that triiodothyronine-induced hyperme- tabolism in a rat’s brain leads to increased ultraweak photon emission as a reﬂection of oxidative stress and suggested that ROS contributed to premature aging in these animals.,support,support,low,topical_only,25fc419686358422e75ccf44758391779485d917
H6,W2160984073,"In the current paper, two-dimen- sional images of biophoton emission from a rat’s brain detected over the skull in vivo were demonstrated for the ﬁrst time; and the physiological properties of the emission associated with the metabolic activity, through simultaneous measurement of electroencephalographic (EEG) activity, are delineated.",support,support,high,partial,8a51b284b9198cf65e00ed6ccb36623a8e1e7ab6
H6,W2160984073,"Although emission intensities observed through the skull are ap- proximately one-half of those with the parietal bones removed, both results support the correlation between photon emission intensity and the u-wave component of the EEG power spectra, with statistical signiﬁcance (PB0.001).",support,support,high,entails_support,348366548a4ab50386e39568c93d2ed63c570fd2
H6,W2160984073,Acute intensity changes corresponding to neuronal activation even by addition of 1 mM glutamate were observed to be absent except for a gradual increase of photon emission.,support,refute,low,partial,b8a20bc524cc452185f6f07164dfe6c91c6f31f9
H6,W2160984073,"The present study demonstrated in vivo imaging of ultraweak photon emissions from a normal rat’s brain, using a highly sensitive photon counting imaging system equipped with a large sensitive area.",support,discuss,low,,8037c3883be499511444ed0b45c4709b2f141b68
H6,W2160984073,The ﬁrst demonstration of 2D-imaging of ultraweak biophoton emission from rat brain in vivo.,support,discuss,low,,137bbaad2ab99ccb6771048dca7eac25d5033e1e
H11,W1490902292,"The emission spectrum of spontaneous UPE from human skin tends to be strongest at the red end of the spectrum and weakest at the blue. 17 UVA-induced UPE, however, shows that the maximum is spectrally located between 400 and 580 nm, supporting the assumption that triplet states of newly synthesized carbonyl groups are a main source of UPE and that peroxidative processes induced by mechanisms listed above are basic sources for excited triplets.",support,support,high,partial,87c188009ae2d817ef2d70f1f43f242259850719
H5,W1987122254,"Kuzin (1997) obtained convincing evidence for the existence of distant interactions in experiments on unicellular organisms (yeast), plant tissues (seeds, buds, leaves, and tree bark), insects, and human blood.",support,support,high,partial,b43a9c6344e1ff3bca8a98f9dc733516cce59b02
H5,W1987122254,"Gur- witch's laboratory, Zalkind, Pototskaya, and Tsoglina revealed that the developing eggs of marine polycha- etes (Saccocirrus) accelerated cleavage after distant interactions with cells of plant roots, various bacteria, lower fungi, and the frog heart (cited from Gurwitch, 1968).",support,support,high,partial,af25bc15e9036388a65242edd3f2935e3ae0b369
H5,W1987122254,"When distant interactions between embryos of the same stages (0-1 and 8) occurred under conditions modifying the optic parameters of biological radiation, a different pattern of morphogenetic abnormalities was revealed.",support,support,high,partial,e82f9e6e77ad91af173b74212201a3c5dc4c8d61
H1,W146728166,"Popp and L Beloussov (eds.), Integrative Biophysics, 387-438. © 2003 Kluwer Academic Publishers. 388 Detector lary Glass Tube Metal Tube Fritz-Albert Popp Figure 1: Arrangement of Gurwitsch's experiment with onion roots. emission from biological systems ""mitogenetic radiation"" and repeated the experiments successfully also with other biological systems, e.g., yeast.",support,support,high,partial,14a259f56c3a97a50e6d9b8ad90145a980fa9155
H1,W146728166,"""Mitogenetic radiation"" was therefore considered some kind of artifact.",refute,refute,low,partial,d87ecca03e0428a5883cedc25c8e5889b4ea297c
H3,W146728166,"All models are consistent with at least a part of the known physical properties of biophoton emission, including delayed luminescence . • • Figure 8: Left side.",support,not_about_claim,low,,ffa9dd7f0cad8a567994bc03553f0aebef6a3d7d
H1,W2199084276,"Popp and L Beloussov (eds.), Integrative Biophysics, 387-438. © 2003 Kluwer Academic Publishers. 388 Detector lary Glass Tube Metal Tube Fritz-Albert Popp Figure 1: Arrangement of Gurwitsch's experiment with onion roots. emission from biological systems ""mitogenetic radiation"" and repeated the experiments successfully also with other biological systems, e.g., yeast.",support,support,high,partial,3090de98070632f180bd14bce34a325e22fd08b6
H1,W2199084276,"""Mitogenetic radiation"" was therefore considered some kind of artifact.",refute,refute,low,partial,8ab8471db8d77307b339a3668f698bcb43e72a61
H3,W2199084276,"All models are consistent with at least a part of the known physical properties of biophoton emission, including delayed luminescence . • • Figure 8: Left side.",support,not_about_claim,low,,3a1dfeb51c5a4597aefb774f940bd66d51f81f3f
H2,W2084082471,"Photon counting statistics obtained by measuring the probability distribution are found to have a Poisson dis- tribution [12,13], and delayed luminescence after illumi- nating the biological system produces hyperbolic decay rather than an exponential one, which is an evidence of a non-random but coherent process [14–17].",support,support,high,partial,3e6432084e346c3052e70222c75e0a2c5077d3f0
H3,W2084082471,"Photon counting statistics obtained by measuring the probability distribution are found to have a Poisson dis- tribution [12,13], and delayed luminescence after illumi- nating the biological system produces hyperbolic decay rather than an exponential one, which is an evidence of a non-random but coherent process [14–17].",support,not_about_claim,low,,168b095aa362764435627b7e2d921a99e5165dc3
H2,W2084082471,"Wolf, Biophoton emission, New evidence for coherence and DNA as source, Cell Biophys. 6 (1984) 33–52. [12] X.",support,discuss,low,,34544738c04d618ff556315c5dd3c7325735b290
H2,W130479031,Recent confirmation [28-30] of the Bonghan system [27] envisage the network of acupuncture meridians as optical channel with flowing granules of DNA that will allow quantum biocommunication using coherent biophoton [31-32].,support,discuss,low,,008748e91764b51266a07c01416ac1b4e217bf57
H2,W130479031,"H., Scholz, W., Weigartner, О., and Wolf, R., Biophoton emission: New Evidence for Coherence and DNA as Source, Cell Biophysics.",support,discuss,low,,79ceb2bf9312e273c2e923a5ce783c49d259e96d
H9,W2058931687,"Interestingly, by 16 h post-DEX application, a low level of photon emission was detected throughout the avrRpm1- expressing plants, indicative of systemic induction of AvrRpm1 and consistent with a whole-plant HR evident in all three inde- pendent lines examined (data not shown).",support,support,high,partial,85e98dad1f79e300b71a03457b5fde6f86cd5a22
H3,W2054078053,"In the last decade, several papers have demonstrated that the ultraweak delayed luminescence (DL) is closely connected to the diﬀerentiation stage of the biological system [12–15].",support,support,high,partial,0970bf60d3e4bb607938d09ea2fcc4d2603a6411
H3,W1985124214,All conditions including dark adaptation of the subject were carefully controlled to exclude artifacts possibly due to delayed luminescence or ﬂuctuations in spontaneous lumines- cence.,refute,not_about_claim,high,,ef2e6908997e07173d1d69c2a6811672d68a3fa9
H3,W2025836651,"In the present study, all conditions including dark adap- tation of the subject were carefully controlled in order to ex- clude artifacts possibly due to delayed luminescence.",refute,not_about_claim,high,,9e4cc973690f2c4f27df2d80ce28e1d1f785b2cf
H3,W1967242810,"In the present study, all conditions including dark adaptation of the subject were carefully controlled in order to exclude artifacts possibly due to delayed luminescence.",refute,not_about_claim,high,,304e9cc0f87c54ac46a89b9b6be81519f27482a8
H2,W1967242810,"Popp, F.A., Nagl, W., Li, K.H., Scholz, W., Weingärtner, O., Wolf, R., “Biophoton emission, New evidence for coherence and DNA as a source”, Cell Biophysics 6, (33-51), 1984. 36.",support,discuss,low,,73b49a4d0c61e94606efd00136f6d0606836a695
H6,W2035748855,Data collection and handling Both the EEG and UPE data were first examined for artifacts.,refute,not_about_claim,high,,f49122088d6dc939b19cb7da109255ff64b5a831
H6,W2035748855,"Correlation analysis demonstrated that the number of correlations observed between UPE and EEG subbands was significantly influenced by the UPE strength (r=0,3444; p=0.003).",support,support,high,partial,8e2033c471222ee55cf851b05b00e3166119db00
H12,W2035748855,"Previous studies have demonstrated that long-term meditation has influence over the biophoton field (Van Wijk et al., 2006d; Van Wijk et al., 2008b).",support,support,high,partial,9363637d2a808786d33c46c88c40335d8d7184d8
H1,W2043432757,"In the 1930s, evidence for the existence of mitogenetic radiation took another leap forward when a group of scientists detected this radiation using modiﬁed GeigereMüller detectors (Audubert,1938; Rajewsky, 1931; Siebert and Seffert, 1933).",support,support,high,partial,aa7dde67ccc3ab565592d945c532a34898f2e472
H10,W2043432757,"Preparata and del Giudice (Preparata, 1995) have theoretically shown that liquid water is effectively composed of two phases: a gas phase and a “coherent domain” phase.",support,discuss,high,,ab434ab444bdf041545cd6a338f5f32cc1606367
H5,W2043432757,"Also Beloussov et al. demonstrated optical interactions of ﬁsh eggs and embryos via UPE (Beloussov et al., 2002b, 2003, and chapter in Beloussov et al., 2000).",support,support,high,partial,b2b58b59ebdac9b8a004db254569396426593f1e
H1,W2043432757,"Caveats and obstacles in experiments on cellular EMF interactions Scientists were skeptical (Bateman, 1935; Hollaender and Claus, 1935,1937) after Gurwitsch discussed his ﬁndings and proposed his theory of “mitogenic radiation”.",refute,discuss,high,,8b563f7bd285dd526b8ca5e3e4728932f6cefcca
H7,W2043432757,"Mechanism of attraction of the lovebug, plecia nearctica, to southern highways: further evidence for the ir- dielectric waveguide theory of insect olfaction.",support,not_about_claim,high,,7d2f17790e88996c139a3ea2846029b4ea071cf5
H2,W2043432757,Biophoton emission: new evidence for coherence and DNA as source.,support,discuss,low,,29585172bf5ace2bc379a43be6d5505a19e07162
H1,W2043432757,Partial evidence for the existence of mitogenetic radiation.,support,discuss,low,,ec44d39fd0786a5850e1a4134e0a01a121bedabd
H6,W1981251228,These results support accumulating data that under specific conditions changes in photon emissions may reflect intercellular and interbrain communications with potential quantum-like properties. © 2011 Published by Elsevier B.V.,support,support,low,topical_only,6a6feb97f1d873fbb3f856f72db8925b39f6d2f8
H6,W1981251228,"In the present series of experiments we demonstrated that cell cultures or human brains housed in darkness displayed photon emission while being exposed to the same rotating (circumcerebral), phase- modulated magnetic field as yoked equivalents (cells or brains, respectively) when they were stimulated by light flashes.",support,support,low,partial,dcb17759d1aee84b7d75b95b392cc0d00bcee7e6
H6,W1981251228,Biophotons as neural communication signals demonstrated in situ biophoton autography.,support,support,low,topical_only,07c3ba62eaa76d146d034c84829b183f95f0c2f7
H6,W2138303176,Here we report the replication of previous observa- tions that demonstrated a speciﬁc type of cognition was associated with reliable increases in UPE from the cerebrum and in addition show that the magnitudes of these photon emissions were strongly  Thanks to Dr.,support,support,high,partial,ad967c1255762c0cad5bc6fda7f9e6f0f8560639
H6,W2138303176,"Antal, First experimental demonstration of sponta- neous and visible light-induced photon emission from rat eyes with particular emphasis on their roles in discrete dark noise and retinal phosphenes, Brain Res. 1369 (2011) 1–9. [25] R.S.",support,not_about_claim,low,,8d05af27a5e7048bd7806ed45d595e249b47cb6d
H10,W1964318044,The width and electron donor capacity of EZ water in fact is increased when water is irradiated with lowintensive light; the maxi mum effect was observed when the samples were irra diated with IR radiation in the range of 2–3 μm [48].,support,support,high,topical_only,e603395f1e6dd7d9ded162019d84cf38f9519d0d
H6,W1995699286,"They showed that tetrodoxin (a neurotoxin), EGTA (Ca2+ chelator), procain (anes- thetic drug) as well as molecular oxygen and glucose deprivation had suppressing effect on the intensity of photon emission from brain slices.",support,support,high,partial,6eeae409d1b51a4408abc9d6d68b09b7cb447116
H6,W1995699286,"Kobayashi et al. [66] also studied photon emission from brain slices and observed suppressive effects of KCl and glu- cose deprivation, while stimulating effects of glutamate and rote- none (inhibitor of the mitochondrial electron transport chain) were observed on the intensity of ultra-weak photon emission.",support,support,high,partial,a83cf31c61f727bbef6ff2b7a5dc817d9feb2447
H3,W1975672463,"Mathematically modelling Delayed Luminescence decays As it regards the time trends, it is well known that relaxation from non-equilibrium state towards equilibrium of complex sys- tems can be approximated by a power law, being such an approx- imation consistent with the idea of a distribution for relaxation kinetics [48–50].",support,not_about_claim,low,,be900a9b9db26e71e4854b162e9949e7dfca656b
H9,W2412356141,This behavior is consistent with the ﬁndings from other studies focused on UPE during the plant seedling germina- tion such as wheat [25].,support,discuss,low,,a1380786effebb7f0c158f7b8cc4f58a91df4a90
H2,W2554446151,The use of these parameters is not meant to argue about optical characteristics of UPE because reliable evidence for coherence or non-classicality is missing [34].,support,refute,high,partial,1cb5a46cad61282e17c2d3fb88d2b205c069e542
H8,W2594646273,There was no significant diﬀerences for other three body sites between the healthy and diabetes group. 3.5 Identification of the healthy group and type 2 diabetes group by PCA analysis of UPE data Principal component analysis (PCA) is a statistical procedure that uses an orthogonal transformation to convert a set of observations of possibly correlated variables into a set of values of linearly uncorrelated variables.,refute,refute,low,partial,75facc00db3d39001164ec1987877ef96fce2613
H9,W2906242287,"A UPE decrease was confirmed in both hands for subjects who took rhodiola pills, while UPE did not decrease significantly for those who took ADAPT 32 pills.[23] Interestingly, results confirmed the vari- ability of UPE due to herbal products which affect the human body state.",support,not_about_claim,high,,158dd9c122b903f019d38e4ee145ea5a2f819183
H8,W2906242287,"Results revealed the subtype of diabetes and provided the opportunity to effectively detect diabetes in its early stages, before the onset of complications.[43] On the other hand, different personal states not directly related to disease have been differentiated through UPE intensity measurements.",support,support,high,partial,71ef90388eaf9f47776a03eeaade4b17da1c0129
H12,W2906242287,Studies carried out by Wijk et al. about the effects of transcendental meditation on UPE intensity demonstrated it.,support,support,high,partial,a7ba58e634852f95f4b6bd6b58ade277d4d8ae43
H6,W2906242287,"Thus, noticeable and reversible photon UPE intensity increase from the right hemisphere was observed when imaging, which was strongly correlated with left prefrontal brain activity.[49] Nevertheless, one must notice that UPE from brain is very weak and a minimal amount of photons can pass through the skull to the UPE detector.",support,support,high,partial,ca6e1e2c516589ba00098708aa31eb3a8e3e5509
H2,W4399870880,"By carefully analyzing this signal, it becomes evident that the decay characteristics of biophoton luminescence exhibits a non-exponential pattern, which provides compelling evidence for the inherent coherence present in the emission.98,99 In the quantum realm, coherence signiﬁes that subatomic particles exist in a state of harmonious alignment.",support,support,high,partial,f7d6712c6f32c5f32bee3dfc376ee77afd7f5366
H9,W4399870880,"Accordingly, intense light emitting regions were observed at distant lo- cations as well, disconnected from the site of the applied stress.134 Biophoton emission measurements have been proved to be invaluable in tracking diverse physiological processes within the plant system, such as membrane transport, cell growth and differentiation.",support,support,high,partial,10a835e18020c74be77b45626323ccdae8d349de
H8,W4399870880,"The results showed that the spectral distribution of UPE from the lesion side of the body surface of tumor mice was signiﬁcantly different from that of healthy controls, regardless of whether visible morphological changes at the lesion site and which stages of the breast cancer development were involved.165 UPE measurement may provide a valuable tool for monitoring injury and wound healing in animals.166,167 Through 2D imaging studies, it was demonstrated that, following an injury to the back of a mouse, the shape of the wound remained consistent over time.",support,support,high,partial,13493e9e451f41c0809a05226fdf5d037bb66550
H11,W4399870880,"The results showed that the spectral distribution of UPE from the lesion side of the body surface of tumor mice was signiﬁcantly different from that of healthy controls, regardless of whether visible morphological changes at the lesion site and which stages of the breast cancer development were involved.165 UPE measurement may provide a valuable tool for monitoring injury and wound healing in animals.166,167 Through 2D imaging studies, it was demonstrated that, following an injury to the back of a mouse, the shape of the wound remained consistent over time.",support,support,high,partial,b195f6d1710c335307de43b268131a45b70df0a6
H12,W4399870880,"The results showed that the spectral distribution of UPE from the lesion side of the body surface of tumor mice was signiﬁcantly different from that of healthy controls, regardless of whether visible morphological changes at the lesion site and which stages of the breast cancer development were involved.165 UPE measurement may provide a valuable tool for monitoring injury and wound healing in animals.166,167 Through 2D imaging studies, it was demonstrated that, following an injury to the back of a mouse, the shape of the wound remained consistent over time.",support,not_about_claim,high,,24a5dd61292e20f3659e8f13665963ddb27173c6
H6,W4399870880,The experiment strongly supports a cellular communication system that is different from a molecule-receptor-based system.103 There is also evidence to show that biophoton may play a regulatory role in neuronal communication and information processing.,support,support,low,topical_only,30b16c8ebcd16f6c3f810fc0ab58f805d5079b19
H6,W4409735377,"It has been recently shown that ketamine and thiopental general anesthesia affect UPE from the mice brain considerably, where ketamine increased UPE, while, conversely, thiopental decreased UPE.72 The current study has utilized isoflurane general anesthesia, whose impact on UPE has not been studied to the best of our knowledge.",support,support,high,partial,b573ece3e6736849b29296fe2328d1f309cf8315
H6,W29642591,"Moreover, rats fed a tocopherol-free diet for seven months revealed higher ex vivo UPE from brain, liver and heart homogenates than animals on normal feed [4].",support,not_about_claim,low,,9f71cd16fa6d045fa64a3ca23710c527a335e96b
H10,W2607303579,"Pollack et al. demonstrated that radiant energy can generate an exclusion zone (EZ) in a water interface that possesses the correct type of hydrophilic/hydrophobic balance [65, 125].",support,support,high,topical_only,eda93852704ffbc6f4504ab41f9354141f46ab1d
H10,W2607303579,Photobiomodulation of aqueous interfaces: finding evidence to support the exclusion zone in experimental and clinical studies.,support,discuss,low,,877c995d312044e3281dc8a11a90e42bbedd8b22
H8,W4306729560,The correlation between UPE intensity after irradiation and L* demonstrates that lighter skin is more susceptible to oxidative stress by UVA due to the low melanin content.30 Our results do not show a linear relationship between skin lightness and UVA-­ induced UPE generation.,support,discuss,low,,22b9c1fab4b111ed1d8c90834ef2c4963fb64b22
H1,W4400038049,"There is also clear experimental evidence that biophotonic emission carries some type of biological information [8–11]; for example, the emitted radiation can increase the rate of cell division by up to 30% in similar organisms, which is the so-called mitogenetic effect [11–13].",support,support,high,partial,56fe58749e09f5d21630df632b2997d972690080
H9,W4400038049,"There is also clear evidence that any type of mechanical damage to some part of the plant produces an effect on biophotonic emission [52,53]; in particular, there is an increase in intensity.",support,support,high,partial,0e1cb7b19774b1ed21ff396100ec99449eb7370c
H1,W4415948863,"He called this phenomenon ""mitogenic radiation [15]."" The concept was controversial for a long time, but in the 1970s, Fritz-Albert Popp and his colleagues used new measurement techniques to confirm that living cells do indeed produce ultra-weak photon emission, and they hypothesized that this emission could be interpreted as a coherent quantum process [11].",support,discuss,low,,0b5488ea6e1612ea1c65c9d8c9e6c8da6222d456
H2,W4415948863,"He called this phenomenon ""mitogenic radiation [15]."" The concept was controversial for a long time, but in the 1970s, Fritz-Albert Popp and his colleagues used new measurement techniques to confirm that living cells do indeed produce ultra-weak photon emission, and they hypothesized that this emission could be interpreted as a coherent quantum process [11].",support,discuss,high,,c99bb5150316137f41a937048814c8c4a84edc8c
H2,W4415948863,"Critical Remarks and Methodological Issues Although quantum biological interpretations are promising, there are currently a number of challenges: - Coherence time: biological systems operate in a thermal, noisy environment where the duration of quantum coherence is extremely short—typically on the order of picoseconds. - Lack of empirical evidence: few direct measurements confirm coherent biophoton emission.",support,refute,low,partial,8f4154a50d67232372ddff2f2ee5f0977a6d6c66
H1,W4415948863,"Examples: - Gurwitsch's mitogenetic radiation (1920s): long-distance light signaling between the apical regions of onion bulbs, which may have induced cell division. - Kobayashi et al. [46]: non-chemical interactions between different plant cell cultures were demonstrated, which were reduced by optical shielding. - In higher-order systems (nervous system, immune system), some studies suggest that coordinated cell activity may be partly light-based – this may be particularly interesting at the level of neuromodulation, neurocommunication, and cell division, for example [68–70]. 5.3.",support,discuss,high,,d696d28cf150ac3964bcc3141638e375902a86fe
H5,W4415948863,"Examples: - Gurwitsch's mitogenetic radiation (1920s): long-distance light signaling between the apical regions of onion bulbs, which may have induced cell division. - Kobayashi et al. [46]: non-chemical interactions between different plant cell cultures were demonstrated, which were reduced by optical shielding. - In higher-order systems (nervous system, immune system), some studies suggest that coordinated cell activity may be partly light-based – this may be particularly interesting at the level of neuromodulation, neurocommunication, and cell division, for example [68–70]. 5.3.",support,support,high,partial,0634f4bfdb8e8f077e735bae73af6f8d7fd463da
H9,W4415948863,"Examples: - Gurwitsch's mitogenetic radiation (1920s): long-distance light signaling between the apical regions of onion bulbs, which may have induced cell division. - Kobayashi et al. [46]: non-chemical interactions between different plant cell cultures were demonstrated, which were reduced by optical shielding. - In higher-order systems (nervous system, immune system), some studies suggest that coordinated cell activity may be partly light-based – this may be particularly interesting at the level of neuromodulation, neurocommunication, and cell division, for example [68–70]. 5.3.",support,not_about_claim,low,,fc8aed5a7a69e9043fe9403a42bdcde8c84485a1
H5,W4415948863,"Based on the current literature, there is no convincing empirical evidence that DNA functions as a biophotonic communication system.",support,refute,low,partial,3c27e9655e2cffa9786ea251b656f152bc0d0a47
H2,W4415948863,Biophoton emission - new evidence for coherence and DNA as source.,support,discuss,low,,c15cd4e18c8eeef003ffebc788a41110a8977d68
H1,W2105934620,"However, this criticism was ignored and the refutation of the existence of mitogenetic rays claimed by Hollander and Claus was given wide publicity, and the overall in- terest in and recognition of Gurwitsch discovery began to decline in West Eu- ropean countries and USA.",refute,discuss,low,,7233534809109264847d7a9dc4b2851a7ee6bcf2
H3,W2105934620,"They confirmed that the delayed luminescence relaxation of normal tissue with increasing cell density conforms more and more to an hyperbolic function, while that of tumor tissue displayed increasing deviation from hyper- bolic decay and increasing agreement to exponential decay with increasing cell density.",support,support,high,partial,d6013a4029f76fd253b2813abfa7ab06e6440b16
H6,W1587710847,"In general, there is a neural activity-dependent biophoton emission within neuronal cells, but evidence for the correlation between the electrical activity of the neurons and the biophoton emissions is unfortunately quite poor.",support,discuss,low,,b27f8941b3eb5c2dda1d56a6e404658bce4b0cb4
H6,W1587710847,Biophotons as neural communication signals demonstrated by in situ biophoton autography.,support,support,low,topical_only,6585f1b6bde7ec388e8f397699e8323585d34720
H9,W4288074524,"Keywords: Fibroblast, Human, Photon, Skin, UVA-laser-induced, Ultraviolet, Ultraweak Photobiological research on plant, animal and human cells in the last 30 years has demonstrated the existence of ultraweak photons in biological tissue which can be detected with highly sensitive photomultiplier systems1-9.",support,not_about_claim,high,,6f870448510e8d23cbcec079187f0c4afe41df9c
H3,W4288074524,In this respect it was recently demonstrated that the ultraweak delayed luminescence is closely connected to the differentiation stage of the biological systems19.,support,support,high,partial,3067198ed7b21a3b6b896444fa29a1c0a75d9729
H5,W2418169692,We demonstrate that: ( I) the short-term optical interactions are accompanied by a gradual de- crease of a total emission intensity of the interacting batches; (2) this effect is spread laterally to that part of it batch which docs not have any direct optical contacts with its partner; and (3) the long-term optical contacts lead to a mutual exchange of spectral characteristics of interacting batches in which the total spectral density values are reversed (often with an over- shoot).,support,support,high,entails_support,cc20c607432f2e3441232b6d923ff7aa863322cb
H5,W2418169692,"Fish embryo, LeChatalier principle, Optical interaction Within the last few decades the existence of optical interaction (usually considered non-substantial) have been demonstrated in cell cultures 1.2, microorgan- iSl11s3.4, blood sampless.6, plants 7 and fish eggs and embryoss.9 .",support,support,high,partial,0d3613afe82787072141252d910508cccb436297
H5,W2418169692,The higher values of R (around 2.57 ± 0.68) were observed in cases (## 1-8) in which one of the partners at the start of the optical interactions was at the earliest de- velopmental stage (before start of the cleavage di vi- sions) while the other partner was at the intermediate (blastula - gastrula) stages.,support,support,low,partial,29d80d3efcbb4fae7c4fc02b0a6fac817a489310
H1,W2418169692,"Mikrobiologia, 61 (1992) 1065 (i n Russian). 4 Wainwright M, Killham K, Russel C & Grayston J, Partial evidence for the existence of mitogenetic radial ion.",support,discuss,low,,d1882786715672facd0a25acd3a827d4250b4296
H12,W2616374599,"Results showed that (1) biophoton emission from healers’ hands diminished significantly by 11% post- healing; (2) biophoton emission during energy healing showed a unique pattern for each treatment session; (3) changes in biophoton emission from the forehead, heart, and abdominal regions of patients pre-post energy healing showed no discernible pattern for a small number of diverse patients; (4) subjects who engaged in bioenergetic practices emitted more biophotons from specific bodily regions, some in alignment with their intent.",support,support,high,partial,0128c63e4f85008e14525d27e95fa6075d5f6d07
H1,W2616374599,"In the 1920s Gurvitch first showed that biocommunication between onions occurred by BEVERLY RUBIK & HARRY JABS 229 means of ultraweak light that was emitted when onion cells divided, stimulating growth of other onions nearby, and named it “mitogenetic radiation.” [6] In the 1970s a Russian study showed that infection of one cell culture could be transferred to another through biophotons alone [7], also demonstrating that biophoton emission can transmit vital information.",support,support,low,partial,9dc1899594d606ce8555caea28c8238ff75e97f6
H12,W2616374599,"A unique temporal pattern of biophotons was observed for each energy healing session, in some cases correlated to healers’ remarks about their perceived energy flow during the session.",support,support,low,partial,e50330b7f9e3530462bb2e71ae9ae9a368ac544c
H12,W2616374599,"Nonetheless, the study demonstrates the potential of measuring biophoton emission in tandem with other parameters to investigate energy healing and wellness.",support,discuss,high,,8d2de80dd0bb12b61fde6c5c465f235ca8c1a7a4
H12,W2616374599,"Nonetheless, they demonstrate that various mind- body states can be cultivated that mobilize biophoton emission from specific regions of the body in unique patterns and in alignment with intention.",support,support,high,partial,95aafaf7f4de5f85fb7718bfe4c69e2260a25f9a
H9,W1988321029,"Previous results have revealed an association between biophotons and the physiological states of living systems, including the oxidative metabolism, germination of seedlings, growth, embryology, injury, and healing [3-4].",support,support,low,partial,797b6c5935f7b5fa6d21df880436876ac851408a
H12,W1988321029,"Previous results have revealed an association between biophotons and the physiological states of living systems, including the oxidative metabolism, germination of seedlings, growth, embryology, injury, and healing [3-4].",support,not_about_claim,high,,a84426a640350bc425f42ca66259b0a845b2a7c4
H2,W43326842,Noise is substantial and its neglect means that above two experiments provide evidence of squeezed state of observed signal made up from pure biophoton signal and background noise.,support,discuss,low,,12d27613e1034d1f0d55b7da3c8501e4341f12fe
H3,W43326842,It is the only scheme that successfully reproduces all aspects of delayed luminescence and spontaneous photon signals.,support,not_about_claim,high,,1d43502e39ecf89f9c6f2bf4d66317d5a93de49a
H9,W2308866,"Keywords: Fibroblast, Human, Photon, Skin, UVA-laser-induced, Ultraviolet, Ultraweak Photobiological research on plant, animal and human cells in the last 30 years has demonstrated the existence of ultraweak photons in biological tissue which can be detected with highly sensitive photomultiplier systems1-9.",support,not_about_claim,high,,cb01ac2032977db2d5400e4f5ba947a59f8d72ff
H3,W2308866,In this respect it was recently demonstrated that the ultraweak delayed luminescence is closely connected to the differentiation stage of the biological systems19.,support,support,high,partial,bc100fb147c9a8612511ac7946f863030853f6f8
H12,W69129819,Regular use of meditation has been implicated in impacting the homeostasis of the organism and thereby on the level of ROS mediated processes as demonstrated by documenting lower blood (plasma) peroxide levels2-4 and lower ultra weak photon emission (UPE) in the visible range of the spectrum5.,support,support,high,partial,7303a571304fb1cdd1c8fe3aa2f5e1ec0a85ae84
H12,W69129819,"Results from earlier studies showed that long-term practitioners of transcendental meditation (TM) have generally lower photon emission intensities, while maintaining the same anatomical pattern of emission compared to control subjects without meditation experience6.",support,support,high,partial,5b0198704f5b71a2a434a4cd03d34879c3435a97
H12,W69129819,Data were recently confirmed and extended in a study examining the anatomic pattern of photon emission of 20 experienced TM practitioners compared to 20 subjects who practiced other meditation techniques (OTM) and 20 control subjects without experience in meditation.,support,support,low,partial,52a03362ca3e924c399a25a80674a4ef543b0d8d
H2,W69129819,VAN WIJK et.al.: QUANTUM SQUEEZED STATE ANALYSIS OF SPONTANEOUS UPE 349 not much and a common value of r at all locations and in the three groups cannot be ruled out.,refute,discuss,low,,f9fa5f5db65db8ff60d76fbdda5efc38c2a48f29
H6,W125667092,(2010): Biophotons as neural communica- tion signals demonstrated by in situ biophoton autography.,support,discuss,low,,5ddb7f0c0d050d8a1bd15f0ad06699ce208e1af0
H12,W3086092516,"During the healing process, re-epithelialization of the wound signiﬁcantly accelerated on days 3–9.25) These ﬁnd- ings are consistent with the results achieved using NO- containing gas ﬂow26) and dielectric barrier discharge plasma jets.27) Figure 3 shows the time course of biophoton release from the wound on the back of the rats.",support,not_about_claim,high,,f50c816c9d77181c3bb81425224adfcb87bd1a4b
